id,date,current_role,other_role_specified,current_salary,education,age,gender,ethnicity,location,other_location_specified
62a33b3db4da29969c62df3d,2022-06-10,Data Analyst,NA,115500,NA,26,Male,White or Caucasian,United States,NA
62a33ba1bae91e4b8b82e35c,2022-06-10,Data Analyst,NA,53000,NA,36,Male,Asian or Asian American,Canada,NA
62a33c2cbc6861bf3176bec1,2022-06-10,Data Engineer,NA,20000,NA,23,Male,Black or African American,Other,Nigeria
62a33c8624a26260273822f9,2022-06-10,Other,Analytics Consultant ,187500,NA,35,Female,White or Caucasian,Canada,NA
62a33c91f3072dd892621e03,2022-06-10,Data Analyst,NA,53000,NA,44,Male,Black or African American,United States,NA
62a33cb6cf25554317300177,2022-06-10,Data Analyst,NA,20000,NA,33,Male,Black or African American,Other,Republic democratic of Congo 
62a33cb72e54c9003e531c65,2022-06-10,Data Scientist,NA,20000,NA,24,Male,Black or African American,Other,Other (Please Specify)
62a33cd30f8c8599d5af0f8f,2022-06-10,Data Engineer,NA,137500,NA,35,Male,Asian or Asian American,United States,NA
62a33cd3cf255543173001d9,2022-06-10,Data Analyst,NA,95500,NA,35,Male,Asian or Asian American,United States,NA
62a33cd8bc6861bf3176c05f,2022-06-10,Data Analyst,NA,53000,NA,28,Male,Hispanic or Latino,United States,NA
62a33ce918134ddc75ce8c30,2022-06-10,Data Analyst,NA,75500,NA,37,Male,White or Caucasian,Canada,NA
62a33cf30a77c1a77f65baa2,2022-06-10,Data Analyst,NA,20000,NA,32,Male,White or Caucasian,Other,Serbia
62a33d15f408bae018ed370d,2022-06-10,Data Analyst,NA,20000,NA,34,Male,Other,Other,Argentina
62a33d1ebae91e4b8b82e707,2022-06-10,Data Scientist,NA,20000,NA,30,Male,White or Caucasian,United Kingdom,NA
62a33d4624a26260273824c4,2022-06-10,Data Analyst,NA,53000,NA,31,Male,White or Caucasian,United States,NA
62a33d5c0f8c8599d5af107c,2022-06-10,Data Analyst,NA,53000,NA,29,Male,White or Caucasian,United States,NA
62a33d850f8c8599d5af10cb,2022-06-10,Data Analyst,NA,20000,NA,22,Male,Black or African American,Other,Niger
62a33d9bf8f7561645852496,2022-06-10,Student/Looking/None,NA,20000,NA,23,Male,Black or African American,United States,NA
62a33dbdd8c00e9f5419cd65,2022-06-10,Student/Looking/None,NA,53000,NA,26,Female,Asian or Asian American,Canada,NA
62a33de124a26260273826b2,2022-06-10,Data Analyst,NA,20000,NA,28,Male,Black or African American,Other,Nigeria
62a33dedd8c00e9f5419ce2b,2022-06-10,Data Analyst,NA,53000,NA,29,Male,Black or African American,Other,Kenya
62a33dfbd8c00e9f5419ceda,2022-06-10,Data Analyst,NA,115500,NA,31,Female,White or Caucasian,United States,NA
62a33e38f3072dd8926221d3,2022-06-10,Data Analyst,NA,20000,NA,28,Male,White or Caucasian,Other,Azerbaijan
62a33e54d8c00e9f5419cfe9,2022-06-10,Data Analyst,NA,20000,NA,32,Male,Hispanic or Latino,Other,Argentina
62a33e62575fa3a5ae88aabf,2022-06-10,Data Analyst,NA,20000,NA,24,Male,Black or African American,Other,Sudan
62a33e63cec54911e9ca4f99,2022-06-10,Data Analyst,NA,20000,NA,31,Male,Asian or Asian American,India,NA
62a33e72bae91e4b8b82ea1a,2022-06-10,Data Analyst,NA,75500,NA,23,Male,White or Caucasian,United States,NA
62a33e890f8c8599d5af13b9,2022-06-10,Data Analyst,NA,115500,NA,33,Female,Asian or Asian American,United States,NA
62a33e8bf8d5efcc22f7c79a,2022-06-10,Data Analyst,NA,95500,NA,43,Male,White or Caucasian,United States,NA
62a33e90cec54911e9ca5031,2022-06-10,Student/Looking/None,NA,20000,NA,23,Female,Other,Other,Nigeria
62a33e9df8f756164585277b,2022-06-10,Student/Looking/None,NA,53000,NA,31,Male,Black or African American,United States,NA
62a33eb6bc6861bf3176c5a3,2022-06-10,Data Analyst,NA,75500,NA,31,Male,White or Caucasian,United Kingdom,NA
62a33ee0bae91e4b8b82eaec,2022-06-10,Data Analyst,NA,20000,NA,25,Male,Asian or Asian American,India,NA
62a33ee80f8c8599d5af14b7,2022-06-10,Data Engineer,NA,137500,NA,43,Male,White or Caucasian,United States,NA
62a33efe0a77c1a77f65bf1e,2022-06-10,Data Analyst,NA,53000,NA,26,Female,Other,Canada,NA
62a33f0ef408bae018ed3aeb,2022-06-10,Other,FP&A Analyst,53000,NA,32,Male,White or Caucasian,Other,Japan
62a33f17f8f7561645852867,2022-06-10,Other,BI Developer ,20000,NA,31,Male,White or Caucasian,Other,Greece
62a33f52bc6861bf3176c72c,2022-06-10,Data Analyst,NA,95500,NA,29,Male,White or Caucasian,United States,NA
62a33f56cf255543173005e9,2022-06-10,Data Analyst,NA,20000,NA,24,Male,Hispanic or Latino,Other,Per? 
62a33f5a5d257a28a30d7bb5,2022-06-10,Student/Looking/None,NA,53000,NA,34,Male,White or Caucasian,United States,NA
62a33fa5cec54911e9ca51f1,2022-06-10,Data Analyst,NA,53000,NA,42,Male,Other,Other,Australia
62a33fcb575fa3a5ae88ad59,2022-06-10,Student/Looking/None,NA,20000,NA,40,Female,Asian or Asian American,United States,NA
62a33fcf18134ddc75ce91c3,2022-06-10,Student/Looking/None,NA,53000,NA,43,Male,White or Caucasian,Other,Spain
62a34006d8c00e9f5419d341,2022-06-10,Student/Looking/None,NA,20000,NA,23,Male,Other,Other,Kenya 
62a34020575fa3a5ae88ade0,2022-06-10,Student/Looking/None,NA,20000,NA,23,Male,Asian or Asian American,Other,Japan
62a34038b4da29969c62eafe,2022-06-10,Data Analyst,NA,95500,NA,28,Male,White or Caucasian,United States,NA
62a3406b575fa3a5ae88ae78,2022-06-10,Data Analyst,NA,75500,NA,32,Male,White or Caucasian,United States,NA
62a340cab4da29969c62ec01,2022-06-10,Data Analyst,NA,75500,NA,41,Female,White or Caucasian,United States,NA
62a340d62e54c9003e5324b4,2022-06-10,Data Analyst,NA,53000,High School,33,Male,White or Caucasian,United Kingdom,NA
62a340e10a77c1a77f65c2e7,2022-06-10,Other,Manager, Business Intelligence Develop,187500,NA,38,Male,Hispanic or Latino,United States,NA
62a340f5bc6861bf3176caa4,2022-06-10,Data Analyst,NA,20000,NA,22,Female,Other,India,NA
62a34117cec54911e9ca54e7,2022-06-10,Student/Looking/None,NA,20000,Bachelors,36,Male,Black or African American,Other,Barbados
62a3413a5d257a28a30d8074,2022-06-10,Data Engineer,NA,75500,Masters,28,Female,Asian or Asian American,United States,NA
62a341a1f3072dd8926229a5,2022-06-10,Student/Looking/None,NA,20000,NA,30,Male,Other,Other,South Africa
62a341b0f8f7561645852d1d,2022-06-10,Data Analyst,NA,75500,Bachelors,24,Female,Hispanic or Latino,United States,NA
62a341e8f8d5efcc22f7d002,2022-06-10,Other,Business Analyst ,53000,Bachelors,29,Male,White or Caucasian,United States,NA
62a34210cf25554317300c02,2022-06-10,Data Analyst,NA,20000,Associates,29,Male,Hispanic or Latino,Other,Colombia
62a3424eb4da29969c62eedd,2022-06-10,Other,Business Analyst,53000,Masters,38,Male,White or Caucasian,Other,Germany
62a34256bae91e4b8b82f16d,2022-06-10,Data Analyst,NA,20000,Masters,31,Male,White or Caucasian,Other,Bulgaria
62a3426cf408bae018ed409b,2022-06-10,Student/Looking/None,NA,20000,Masters,25,Male,White or Caucasian,United States,NA
62a34272f8d5efcc22f7d15f,2022-06-10,Data Analyst,NA,75500,Masters,24,Male,White or Caucasian,United States,NA
62a34340bc6861bf3176d05b,2022-06-10,Other,Business Intelligence Consultant,53000,Bachelors,28,Male,White or Caucasian,Other,Turkey
62a34383b4da29969c62f1be,2022-06-10,Student/Looking/None,NA,20000,Bachelors,23,Female,Asian or Asian American,India,NA
62a34389cec54911e9ca5a22,2022-06-10,Data Engineer,NA,20000,Masters,21,Male,Hispanic or Latino,Other,Spain
62a343a22e54c9003e532a2a,2022-06-10,Data Analyst,NA,20000,Bachelors,29,Male,Other,Other,France
62a343d9f3072dd892622fe4,2022-06-10,Data Analyst,NA,53000,Bachelors,25,Male,Asian or Asian American,United States,NA
62a34400d8c00e9f5419dc2b,2022-06-10,Data Analyst,NA,53000,Masters,27,Male,Black or African American,Other,Germany
62a34425f8d5efcc22f7d525,2022-06-10,Data Analyst,NA,53000,Bachelors,23,Male,Asian or Asian American,India,NA
62a34449575fa3a5ae88b637,2022-06-10,Other,Sr. Supply Chain Analyst ,95500,Masters,32,Male,Asian or Asian American,United States,NA
62a3445dcf255543173011e1,2022-06-10,Student/Looking/None,NA,115500,Bachelors,22,Male,Asian or Asian American,India,NA
62a3447a575fa3a5ae88b6c0,2022-06-10,Data Analyst,NA,20000,Bachelors,25,Male,Asian or Asian American,Other,Thailand
62a3449f7dc029e2d66bf5d1,2022-06-10,Data Analyst,NA,20000,Masters,36,Female,White or Caucasian,Other,Germany
62a344c5f408bae018ed4806,2022-06-10,Data Analyst,NA,115500,Bachelors,27,Female,White or Caucasian,United States,NA
62a344c6f8d5efcc22f7d6e1,2022-06-10,Other,Business analyst ,20000,Bachelors,23,Male,Asian or Asian American,India,NA
62a344e1f3072dd892623328,2022-06-10,Student/Looking/None,NA,20000,Bachelors,26,Male,Black or African American,Other,Netherlands
62a3450424a262602738357f,2022-06-10,Other,Director of Data Analytics,95500,PhD,33,Female,Hispanic or Latino,United States,NA
62a3452818134ddc75ce9e1b,2022-06-10,Data Analyst,NA,115500,Masters,27,Male,White or Caucasian,Other,Turkey
62a345490a77c1a77f65cc5b,2022-06-10,Data Analyst,NA,53000,Associates,42,Male,White or Caucasian,United States,NA
62a3455bbc6861bf3176d57a,2022-06-10,Data Analyst,NA,20000,Masters,29,Male,White or Caucasian,Other,Spain
62a3457bf8d5efcc22f7da17,2022-06-10,Data Analyst,NA,137500,Masters,27,Female,Asian or Asian American,United States,NA
62a345b2bae91e4b8b82fad6,2022-06-10,Student/Looking/None,NA,53000,Bachelors,39,Female,Hispanic or Latino,United States,NA
62a345c47dc029e2d66bf80a,2022-06-10,Data Analyst,NA,53000,Masters,31,Male,White or Caucasian,Other,Denmark
62a345e25d257a28a30d8b43,2022-06-10,Data Analyst,NA,75500,Bachelors,29,Male,Hispanic or Latino,Other,Brazil
62a34646f8d5efcc22f7dc5c,2022-06-10,Data Analyst,NA,75500,Masters,31,Male,White or Caucasian,United States,NA
62a34687f408bae018ed4c52,2022-06-10,Data Analyst,NA,20000,Masters,30,Male,Hispanic or Latino,Other,Mexico
62a346a37dc029e2d66bfa6d,2022-06-10,Data Engineer,NA,20000,Masters,33,Male,Hispanic or Latino,Other,Mexico
62a346a95d257a28a30d8cb9,2022-06-10,Data Analyst,NA,75500,Bachelors,25,Male,White or Caucasian,United States,NA
62a346b4bc6861bf3176d7ce,2022-06-10,Student/Looking/None,NA,20000,Bachelors,23,Male,Other,India,NA
62a346cef8f756164585385b,2022-06-10,Data Analyst,NA,53000,Bachelors,33,Male,Asian or Asian American,United States,NA
62a346d724a2626027383abd,2022-06-10,Other,Business Analyst,75500,Bachelors,35,Male,Hispanic or Latino,Other,Chile
62a346d90a77c1a77f65d08d,2022-06-10,Data Analyst,NA,53000,Masters,42,Female,White or Caucasian,Other,Greece
62a34726f8d5efcc22f7dec7,2022-06-10,Data Analyst,NA,75500,Bachelors,25,Male,White or Caucasian,United States,NA
62a3476c5d257a28a30d8e6d,2022-06-10,Data Analyst,NA,95500,Bachelors,23,Male,White or Caucasian,United States,NA
62a347b4f8f7561645853a98,2022-06-10,Other,Learning Management Specialist,53000,Bachelors,51,Female,Black or African American,United States,NA
62a347f6b4da29969c62fb79,2022-06-10,Data Analyst,NA,20000,Bachelors,30,Male,Black or African American,United Kingdom,NA
62a3483018134ddc75cea4e6,2022-06-10,Data Analyst,NA,53000,Bachelors,23,Male,Asian or Asian American,India,NA
62a348650f8c8599d5af2b77,2022-06-10,Other,Research Analyst,53000,Bachelors,24,Male,Asian or Asian American,Canada,NA
62a3489318134ddc75cea659,2022-06-10,Student/Looking/None,NA,53000,Masters,25,Male,Asian or Asian American,Other,Australia
62a348bf2e54c9003e533634,2022-06-10,Data Analyst,NA,53000,Masters,55,Female,Other,United States,NA
62a348c2f3072dd892623c10,2022-06-10,Data Analyst,NA,95500,Masters,30,Female,White or Caucasian,United States,NA
62a348f2f8d5efcc22f7e2ba,2022-06-10,Data Analyst,NA,53000,Bachelors,25,Male,Asian or Asian American,Canada,NA
62a349160a77c1a77f65d4db,2022-06-10,Data Analyst,NA,75500,Masters,28,Male,White or Caucasian,United States,NA
62a3493fb4da29969c62fe63,2022-06-10,Other,Insights analyst,53000,Bachelors,34,Male,White or Caucasian,United Kingdom,NA
62a3496e575fa3a5ae88c4e6,2022-06-10,Data Analyst,NA,20000,Bachelors,28,Female,Hispanic or Latino,Other,Costa Rica
62a3498e575fa3a5ae88c554,2022-06-10,Student/Looking/None,NA,20000,Bachelors,24,Male,Asian or Asian American,Other,Vietnam
62a34991b4da29969c62ff4b,2022-06-10,Student/Looking/None,NA,20000,Masters,31,Male,Black or African American,United States,NA
62a349bbf8f756164585400d,2022-06-10,Data Analyst,NA,53000,Bachelors,25,Male,Asian or Asian American,Canada,NA
62a349c7cec54911e9ca67c7,2022-06-10,Data Analyst,NA,115500,Bachelors,38,Female,White or Caucasian,United States,NA
62a349d5d8c00e9f5419ead2,2022-06-10,Data Analyst,NA,53000,Bachelors,30,Male,Hispanic or Latino,Other,Netherlands
62a349e6b4da29969c63000c,2022-06-10,Data Analyst,NA,20000,Bachelors,25,Male,Asian or Asian American,India,NA
62a34a03cec54911e9ca6869,2022-06-10,Data Analyst,NA,20000,Bachelors,29,Female,Black or African American,Other,Nigeria 
62a34ab15d257a28a30d9589,2022-06-10,Data Scientist,NA,187500,Masters,21,Male,White or Caucasian,Other,Portugal
62a34abc0f8c8599d5af31c5,2022-06-10,Data Analyst,NA,75500,Bachelors,39,Female,Asian or Asian American,United States,NA
62a34b07cec54911e9ca6b6e,2022-06-10,Student/Looking/None,NA,20000,Bachelors,25,Male,White or Caucasian,Other,turkey
62a34b0eb4da29969c6302ce,2022-06-10,Other,Does a social media analyst count?,95500,Masters,42,Female,Hispanic or Latino,United States,NA
62a34b1b0f8c8599d5af328b,2022-06-10,Data Analyst,NA,53000,Bachelors,25,Male,White or Caucasian,United States,NA
62a34b5b5d257a28a30d96a6,2022-06-10,Data Scientist,NA,95500,Bachelors,22,Male,White or Caucasian,United States,NA
62a34b7ebae91e4b8b83076c,2022-06-10,Data Analyst,NA,20000,High School,23,Male,Hispanic or Latino,Other,Colombia
62a34b99cec54911e9ca6e14,2022-06-10,Data Engineer,NA,53000,High School,25,Male,Other,Other,Egypt
62a34bb0f3072dd892624210,2022-06-10,Data Engineer,NA,75500,Masters,45,Male,White or Caucasian,Canada,NA
62a34bd0cf2555431730208b,2022-06-10,Data Analyst,NA,75500,Bachelors,24,Male,White or Caucasian,United States,NA
62a34bd4f408bae018ed57bd,2022-06-10,Student/Looking/None,NA,20000,NA,25,Male,Black or African American,United States,NA
62a34c66b4da29969c6305af,2022-06-10,Data Analyst,NA,75500,Bachelors,26,Male,White or Caucasian,United States,NA
62a34d1ff8f756164585465c,2022-06-10,Data Analyst,NA,53000,Bachelors,23,Male,Asian or Asian American,Canada,NA
62a34d4118134ddc75ceb0ed,2022-06-10,Student/Looking/None,NA,20000,Masters,42,Female,White or Caucasian,United Kingdom,NA
62a34da0f408bae018ed5abd,2022-06-10,Other,Educator,53000,Bachelors,42,Female,Black or African American,United States,NA
62a34dbb5d257a28a30d9a61,2022-06-10,Other,Business Analyst,20000,Masters,25,Male,Asian or Asian American,India,NA
62a34e00f8f7561645854954,2022-06-10,Data Analyst,NA,95500,Masters,38,Male,White or Caucasian,United States,NA
62a34e082e54c9003e534118,2022-06-10,Other,Business Intelligence Engineer,20000,Bachelors,24,Male,Hispanic or Latino,Other,Costa Rica
62a34eb7bc6861bf3176e6d8,2022-06-10,Data Analyst,NA,75500,Bachelors,28,Male,White or Caucasian,United States,NA
62a34f2af8f7561645854c1c,2022-06-10,Data Analyst,NA,53000,Bachelors,21,Male,Asian or Asian American,United States,NA
62a34f3bf408bae018ed5e42,2022-06-10,Data Analyst,NA,115500,Masters,39,Male,White or Caucasian,United States,NA
62a34fa418134ddc75ceb509,2022-06-10,Data Analyst,NA,20000,Bachelors,23,Male,Asian or Asian American,Other,Pakistan
62a34fbacec54911e9ca776f,2022-06-10,Data Analyst,NA,20000,Bachelors,23,Female,White or Caucasian,Other,Australia
62a34fc3f3072dd892624a45,2022-06-10,Data Analyst,NA,75500,Masters,30,Male,White or Caucasian,United States,NA
62a34ff1f408bae018ed601d,2022-06-10,Data Analyst,NA,53000,Masters,26,Male,White or Caucasian,Other,Ireland 
62a34ff4f3072dd892624b32,2022-06-10,Data Analyst,NA,53000,Bachelors,37,Male,White or Caucasian,United States,NA
62a3505bd8c00e9f5419f8df,2022-06-10,Data Analyst,NA,75500,Bachelors,31,Female,White or Caucasian,United States,NA
62a350f7f3072dd892624d05,2022-06-10,Data Analyst,NA,20000,Bachelors,25,Female,Black or African American,Other,South Africa
62a35130f3072dd892624d9f,2022-06-10,Data Analyst,NA,20000,Bachelors,26,Female,White or Caucasian,Other,Poland
62a351860a77c1a77f65e86b,2022-06-10,Data Analyst,NA,75500,Bachelors,30,Male,White or Caucasian,United States,NA
62a3519b24a262602738514a,2022-06-10,Data Analyst,NA,75500,Bachelors,39,Female,Black or African American,United States,NA
62a35236b4da29969c631214,2022-06-10,Other,Research Associate ,20000,Masters,28,Female,Asian or Asian American,India,NA
62a352a32e54c9003e534981,2022-06-10,Data Analyst,NA,75500,Bachelors,22,Male,Other,United States,NA
62a352f00a77c1a77f65eae7,2022-06-10,Data Analyst,NA,20000,Bachelors,28,Male,Black or African American,Other,Mozambique
62a353372e54c9003e534a40,2022-06-10,Other,Analytics Manager,187500,Masters,33,Male,White or Caucasian,United States,NA
62a353565d257a28a30da59f,2022-06-10,Data Analyst,NA,20000,Bachelors,22,Female,Other,Other,Egypt 
62a353f07dc029e2d66c1783,2022-06-10,Student/Looking/None,NA,20000,Bachelors,27,Male,Other,India,NA
62a3545e0f8c8599d5af474b,2022-06-10,Data Analyst,NA,115500,Bachelors,37,Male,Other,United States,NA
62a35472cec54911e9ca82bc,2022-06-10,Other,Business Analyst,53000,Masters,24,Male,White or Caucasian,United States,NA
62a354bdb4da29969c631700,2022-06-10,Data Analyst,NA,53000,Masters,25,Male,Asian or Asian American,United Kingdom,NA
62a354e9cf255543173031ed,2022-06-10,Data Engineer,NA,95500,Masters,28,Male,Black or African American,United States,NA
62a35541f3072dd892625517,2022-06-10,Data Analyst,NA,53000,Bachelors,32,Male,White or Caucasian,United Kingdom,NA
62a355445d257a28a30dab12,2022-06-10,Data Analyst,NA,53000,Bachelors,29,Male,Asian or Asian American,United States,NA
62a35631cf25554317303425,2022-06-10,Data Analyst,NA,53000,Masters,26,Female,White or Caucasian,Other,Australia
62a357390a77c1a77f65f189,2022-06-10,Data Engineer,NA,53000,Masters,37,Male,White or Caucasian,Canada,NA
62a3578b0a77c1a77f65f279,2022-06-10,Data Analyst,NA,53000,Bachelors,25,Male,White or Caucasian,United States,NA
62a357d30f8c8599d5af4ea3,2022-06-10,Data Analyst,NA,20000,High School,24,Male,White or Caucasian,Other,Israel
62a3582e575fa3a5ae88e506,2022-06-10,Other,Manager of a team of Data Analysts,137500,Bachelors,52,Male,White or Caucasian,United States,NA
62a35878575fa3a5ae88e5d5,2022-06-10,Data Analyst,NA,53000,Bachelors,27,Male,Asian or Asian American,Other,Singapore
62a35981bae91e4b8b8323dd,2022-06-10,Data Analyst,NA,115500,Masters,29,Female,White or Caucasian,United States,NA
62a35a2c7dc029e2d66c2519,2022-06-10,Student/Looking/None,NA,20000,Associates,42,Male,White or Caucasian,Other,Brazil
62a35aa2f8d5efcc22f8075d,2022-06-10,Data Analyst,NA,53000,Masters,28,Male,White or Caucasian,United States,NA
62a35ababae91e4b8b83269d,2022-06-10,Data Analyst,NA,20000,Bachelors,44,Male,Hispanic or Latino,Other,Costa Rica
62a35ae0575fa3a5ae88ea98,2022-06-10,Data Engineer,NA,20000,Bachelors,23,Male,White or Caucasian,Other,Spain
62a35ae87dc029e2d66c279b,2022-06-10,Data Analyst,NA,53000,Bachelors,27,Male,Hispanic or Latino,United States,NA
62a35b13bc6861bf31770188,2022-06-10,Data Analyst,NA,75500,Masters,26,Male,White or Caucasian,United States,NA
62a35b72f408bae018ed76a8,2022-06-10,Data Analyst,NA,95500,Masters,27,Male,Hispanic or Latino,United States,NA
62a35b965d257a28a30db899,2022-06-10,Data Analyst,NA,75500,Bachelors,33,Male,Asian or Asian American,Canada,NA
62a35ba3f3072dd892626068,2022-06-10,Data Analyst,NA,75500,Bachelors,28,Male,Hispanic or Latino,United States,NA
62a35c890a77c1a77f65fdfa,2022-06-10,Data Analyst,NA,20000,Bachelors,32,Male,Black or African American,Other,Kenya
62a35d8f575fa3a5ae88efd6,2022-06-10,Student/Looking/None,NA,53000,Associates,34,Male,Asian or Asian American,Canada,NA
62a35d95cf25554317304386,2022-06-10,Data Analyst,NA,187500,Bachelors,28,Male,Asian or Asian American,United States,NA
62a35e970a77c1a77f66035a,2022-06-10,Data Scientist,NA,137500,Bachelors,27,Male,Other,India,NA
62a35eabf408bae018ed7cbc,2022-06-10,Data Engineer,NA,53000,Bachelors,22,Male,White or Caucasian,United States,NA
62a35f0d24a2626027386a8b,2022-06-10,Data Analyst,NA,75500,Masters,29,Male,White or Caucasian,United States,NA
62a35f825d257a28a30dc128,2022-06-10,Data Analyst,NA,75500,Masters,31,Female,White or Caucasian,United States,NA
62a35fa0f8f7561645856c35,2022-06-10,Data Analyst,NA,75500,Bachelors,28,Male,White or Caucasian,United States,NA
62a35fc1f8f7561645856c98,2022-06-10,Student/Looking/None,NA,20000,Masters,24,Male,Asian or Asian American,United States,NA
62a3602318134ddc75ced6b9,2022-06-10,Data Analyst,NA,95500,Masters,34,Male,White or Caucasian,United States,NA
62a360b8f8f7561645856ec4,2022-06-10,Data Engineer,NA,95500,Bachelors,23,Male,White or Caucasian,United States,NA
62a360dbd8c00e9f541a16cf,2022-06-10,Student/Looking/None,NA,53000,Masters,32,Male,White or Caucasian,Other,Belgium
62a36146f8f7561645856ff7,2022-06-10,Data Analyst,NA,20000,High School,29,Male,Hispanic or Latino,Other,Argentina
62a361af0f8c8599d5af6277,2022-06-10,Data Analyst,NA,20000,Bachelors,34,Male,Black or African American,Other,Nigeria
62a361cc575fa3a5ae88f908,2022-06-10,Data Analyst,NA,75500,Bachelors,24,Male,White or Caucasian,United Kingdom,NA
62a3620f0f8c8599d5af63a5,2022-06-10,Other,Analyst,75500,Bachelors,30,Male,Other,United States,NA
62a36251d8c00e9f541a199e,2022-06-10,Other,Analytics Engineer,95500,Masters,24,Male,Hispanic or Latino,United States,NA
62a36275bc6861bf31771183,2022-06-10,Data Analyst,NA,53000,Bachelors,27,Male,Other,United States,NA
62a3636c2e54c9003e536e6b,2022-06-10,Data Analyst,NA,20000,Bachelors,21,Male,Asian or Asian American,India,NA
62a365c2f8d5efcc22f81e2e,2022-06-10,Data Analyst,NA,20000,Masters,31,Male,Black or African American,Other,UAE
62a365d5d8c00e9f541a20cf,2022-06-10,Data Analyst,NA,20000,Bachelors,41,Male,White or Caucasian,Other,Egypt
62a3670b575fa3a5ae890422,2022-06-10,Data Analyst,NA,20000,Bachelors,25,Male,Asian or Asian American,India,NA
62a3676bb4da29969c633ac7,2022-06-10,Data Analyst,NA,20000,Bachelors,24,Male,Black or African American,Other,Nigeria 
62a36794b4da29969c633b48,2022-06-10,Data Analyst,NA,20000,Masters,30,Male,Other,Other, Somalia
62a367d224a2626027387b56,2022-06-10,Data Analyst,NA,187500,Bachelors,33,Male,White or Caucasian,United States,NA
62a367ed18134ddc75cee697,2022-06-10,Data Analyst,NA,75500,Bachelors,23,Male,Hispanic or Latino,United States,NA
62a36802f8f7561645857e38,2022-06-10,Data Analyst,NA,75500,Masters,33,Female,Asian or Asian American,United Kingdom,NA
62a3684ebc6861bf31771f15,2022-06-10,Data Analyst,NA,115500,Bachelors,25,Male,White or Caucasian,United States,NA
62a3688df8f7561645857f7e,2022-06-10,Data Analyst,NA,20000,Masters,27,Female,White or Caucasian,Other,Kosovo
62a368ee2e54c9003e537e4a,2022-06-10,Data Analyst,NA,20000,Bachelors,30,Male,White or Caucasian,United Kingdom,NA
62a369280a77c1a77f661ad0,2022-06-10,Data Analyst,NA,20000,Bachelors,29,Male,Black or African American,Other,Nigeria 
62a36969f8f756164585821d,2022-06-10,Other,Analyst Primary Market Intelligence,20000,Masters,25,Male,Other,India,NA
62a3697ff408bae018ed948b,2022-06-10,Data Analyst,NA,95500,High School,40,Male,Hispanic or Latino,United States,NA
62a36ac6cf255543173063d8,2022-06-10,Data Analyst,NA,53000,Bachelors,29,Female,Other,Canada,NA
62a36ad1f408bae018ed9793,2022-06-10,Data Analyst,NA,53000,Masters,29,Male,Asian or Asian American,India,NA
62a36b6c24a26260273882a2,2022-06-10,Data Analyst,NA,20000,Masters,28,Male,Black or African American,Other,Nigeria 
62a36b862e54c9003e5383c6,2022-06-10,Other,software engineer,95500,Bachelors,34,Male,White or Caucasian,United Kingdom,NA
62a36d12f8d5efcc22f82cd8,2022-06-10,Student/Looking/None,NA,20000,Masters,24,Male,White or Caucasian,Other,Belgium
62a36d3124a262602738862c,2022-06-10,Data Analyst,NA,20000,Bachelors,26,Male,Other,Other,Iraq
62a36e470a77c1a77f662470,2022-06-10,Data Analyst,NA,137500,Bachelors,28,Male,Hispanic or Latino,United States,NA
62a36e7024a262602738890a,2022-06-10,Student/Looking/None,NA,20000,Masters,25,Male,White or Caucasian,Other,Germany
62a36fe67dc029e2d66c5303,2022-06-10,Data Analyst,NA,20000,Bachelors,33,Male,Hispanic or Latino,Other,Colombia
62a3701f575fa3a5ae89164e,2022-06-10,Data Analyst,NA,75500,Masters,30,Male,White or Caucasian,Other,Ireland 
62a370635d257a28a30de5eb,2022-06-10,Data Analyst,NA,20000,Bachelors,35,Male,Other,India,NA
62a37128d8c00e9f541a39dd,2022-06-10,Data Analyst,NA,20000,Bachelors,25,Male,White or Caucasian,Other,Romania
62a3715124a2626027388f02,2022-06-10,Data Analyst,NA,20000,Bachelors,23,Male,White or Caucasian,Other,Spain
62a37222cf2555431730732d,2022-06-10,Data Engineer,NA,20000,Bachelors,24,Male,Hispanic or Latino,Other,Mexico
62a373efbc6861bf3177360b,2022-06-10,Data Analyst,NA,187500,Masters,27,Male,Black or African American,United States,NA
62a3759e5d257a28a30def3a,2022-06-10,Data Analyst,NA,75500,Bachelors,32,Male,Asian or Asian American,United States,NA
62a3777624a262602738997e,2022-06-10,Data Analyst,NA,53000,Bachelors,50,Male,White or Caucasian,Canada,NA
62a377987dc029e2d66c638d,2022-06-10,Data Architect,NA,75500,High School,29,Male,White or Caucasian,United States,NA
62a377f424a2626027389af3,2022-06-10,Data Analyst,NA,20000,Bachelors,41,Male,Hispanic or Latino,Other,Peru
62a3784c0f8c8599d5af8fbc,2022-06-10,Other,Data Integrity,20000,Associates,23,Male,White or Caucasian,United States,NA
62a37a43d8c00e9f541a4a7c,2022-06-10,Data Analyst,NA,20000,Bachelors,31,Male,Black or African American,Other,Nigeria
62a37a7818134ddc75cf0d4c,2022-06-10,Data Analyst,NA,20000,Bachelors,22,Male,Native Hawaiian or other Pacific Islander,Other,Philippines
62a37aa1cf255543173081e5,2022-06-10,Data Analyst,NA,75500,Masters,29,Male,Hispanic or Latino,United States,NA
62a37ad924a2626027389f8a,2022-06-10,Data Scientist,NA,20000,Bachelors,23,Male,Other,Other,Malaysia
62a37b7db4da29969c636123,2022-06-10,Student/Looking/None,NA,20000,High School,24,Female,Hispanic or Latino,United States,NA
62a37bab2e54c9003e53a10a,2022-06-10,Data Analyst,NA,75500,Bachelors,26,Male,Black or African American,United States,NA
62a37c50cec54911e9cacee2,2022-06-10,Student/Looking/None,NA,20000,Bachelors,31,Male,Asian or Asian American,India,NA
62a37d41bae91e4b8b8369f7,2022-06-10,Data Analyst,NA,20000,Bachelors,22,Male,Black or African American,Other,nigeria
62a37f8db4da29969c6367bf,2022-06-10,Data Analyst,NA,75500,Bachelors,31,Male,White or Caucasian,Other,Germany
62a37ff3bae91e4b8b836ed0,2022-06-10,Student/Looking/None,NA,20000,Masters,27,Male,Asian or Asian American,United States,NA
62a38023575fa3a5ae89339e,2022-06-10,Student/Looking/None,NA,20000,Bachelors,25,Female,Asian or Asian American,United States,NA
62a38153cec54911e9cad855,2022-06-10,Data Analyst,NA,20000,Masters,30,Male,Hispanic or Latino,Other,Colombia
62a381d024a262602738ab19,2022-06-10,Data Analyst,NA,53000,Masters,28,Male,Hispanic or Latino,United States,NA
62a38227bae91e4b8b837235,2022-06-10,Data Analyst,NA,137500,Bachelors,26,Male,White or Caucasian,United States,NA
62a38489cf25554317309145,2022-06-10,Data Scientist,NA,137500,Masters,32,Female,White or Caucasian,United States,NA
62a384f0cec54911e9cadd6f,2022-06-10,Data Analyst,NA,20000,PhD,40,Female,White or Caucasian,Other,Poland
62a385480f8c8599d5afa5c6,2022-06-10,Data Engineer,NA,20000,Associates,36,Male,Asian or Asian American,Other,Singapore
62a3856218134ddc75cf1ee0,2022-06-10,Data Analyst,NA,75500,Bachelors,35,Male,Hispanic or Latino,United States,NA
62a385c40f8c8599d5afa6cf,2022-06-10,Data Analyst,NA,75500,Masters,29,Male,Asian or Asian American,United States,NA
62a385ddbae91e4b8b837855,2022-06-10,Data Analyst,NA,53000,Masters,25,Female,Hispanic or Latino,Other,Germany
62a385e7b4da29969c6372ab,2022-06-10,Database Developer,NA,53000,Bachelors,29,Male,White or Caucasian,United States,NA
62a386dfcec54911e9cae1d3,2022-06-10,Data Analyst,NA,95500,Bachelors,26,Male,Black or African American,United States,NA
62a3870bbc6861bf31775841,2022-06-10,Data Analyst,NA,20000,Bachelors,34,Male,Black or African American,Other,Ghana
62a38733f8d5efcc22f859fc,2022-06-10,Data Analyst,NA,20000,Bachelors,26,Male,White or Caucasian,Other,Egypt
62a387e6575fa3a5ae8940a1,2022-06-10,Data Analyst,NA,20000,Bachelors,22,Female,Asian or Asian American,India,NA
62a388d524a262602738b869,2022-06-10,Student/Looking/None,NA,20000,Bachelors,24,Female,Black or African American,Other,Kenya
62a38975b4da29969c637830,2022-06-10,Data Analyst,NA,20000,Bachelors,26,Male,Hispanic or Latino,Other,Costa Rica
62a38985f8f756164585b89c,2022-06-10,Data Architect,NA,20000,Masters,34,Female,White or Caucasian,Other,Portugsl
62a389b70f8c8599d5afad1a,2022-06-10,Data Analyst,NA,20000,Bachelors,29,Male,Asian or Asian American,India,NA
62a389ed18134ddc75cf24f8,2022-06-10,Data Scientist,NA,20000,Bachelors,21,Male,Black or African American,Other,Nigeria
62a38a060a77c1a77f6654b7,2022-06-10,Other,Financial Analyst,20000,Masters,35,Female,White or Caucasian,Other,Macedonia
62a38a4d575fa3a5ae8944df,2022-06-10,Data Analyst,NA,53000,Bachelors,26,Male,Black or African American,United States,NA
62a38a97cf25554317309af2,2022-06-10,Data Analyst,NA,53000,Bachelors,28,Male,White or Caucasian,United States,NA
62a38c120f8c8599d5afb0e9,2022-06-10,Other,Database Manager,53000,Bachelors,33,Female,White or Caucasian,United States,NA
62a38c9dbc6861bf317760c4,2022-06-10,Data Analyst,NA,75500,Bachelors,56,Female,White or Caucasian,United States,NA
62a38de50f8c8599d5afb3e7,2022-06-10,Other,Software Developer ,20000,Bachelors,23,Male,Asian or Asian American,India,NA
62a3906224a262602738c58a,2022-06-10,Data Scientist,NA,137500,Masters,28,Male,White or Caucasian,United States,NA
62a3907cbae91e4b8b838917,2022-06-10,Student/Looking/None,NA,20000,High School,21,Male,White or Caucasian,Other,Egypt
62a390c0d8c00e9f541a6fd7,2022-06-10,Student/Looking/None,NA,75500,Masters,35,Male,Black or African American,United States,NA
62a390e4f3072dd89262c0cd,2022-06-10,Data Analyst,NA,53000,Masters,29,Male,Asian or Asian American,Other,Irel
62a391cacf2555431730a623,2022-06-10,Data Analyst,NA,95500,Bachelors,23,Female,Asian or Asian American,United States,NA
62a39214f8f756164585c6b6,2022-06-10,Other,Tableau admin,53000,Bachelors,25,Male,Asian or Asian American,India,NA
62a39297b4da29969c638679,2022-06-10,Data Engineer,NA,95500,Masters,27,Male,White or Caucasian,United States,NA
62a393330a77c1a77f6662e4,2022-06-10,Data Analyst,NA,20000,Bachelors,22,Male,Other,India,NA
62a3944024a262602738cb07,2022-06-10,Data Analyst,NA,20000,Bachelors,22,Male,Asian or Asian American,India,NA
62a3951ed8c00e9f541a75d1,2022-06-10,Other,Other (Please Specify),115500,Masters,43,Male,Asian or Asian American,United States,NA
62a3958fcec54911e9caf827,2022-06-10,Other,Reporting Adm,20000,Bachelors,32,Female,Asian or Asian American,United States,NA
62a3970ebae91e4b8b839495,2022-06-10,Student/Looking/None,NA,75500,Masters,42,Female,Asian or Asian American,United States,NA
62a3976ecf2555431730af5e,2022-06-10,Other,Billing analyst,75500,Bachelors,31,Male,Hispanic or Latino,United States,NA
62a397fb5d257a28a30e279a,2022-06-10,Data Engineer,NA,20000,Bachelors,25,Male,White or Caucasian,United Kingdom,NA
62a3980c7dc029e2d66c9a81,2022-06-10,Data Analyst,NA,53000,Masters,25,Female,Asian or Asian American,United States,NA
62a3980e0f8c8599d5afc32c,2022-06-10,Data Analyst,NA,115500,Masters,31,Male,Asian or Asian American,United States,NA
62a39a340f8c8599d5afc6ce,2022-06-10,Data Scientist,NA,20000,Masters,36,Male,White or Caucasian,Other,Morocco
62a39a95bc6861bf3177751d,2022-06-10,Other,I work with data tools and can create simple dashboards but I am not a data scientist,53000,Masters,35,Female,White or Caucasian,Other,Bulgaria
62a39b315d257a28a30e2cae,2022-06-10,Data Analyst,NA,75500,Bachelors,28,Male,White or Caucasian,United States,NA
62a39b6cf408bae018ede929,2022-06-10,Data Analyst,NA,20000,Bachelors,27,Male,Hispanic or Latino,Other,Peru
62a39bd324a262602738d725,2022-06-10,Data Analyst,NA,20000,Bachelors,25,Male,Hispanic or Latino,Other,Costa Rica 
62a39e03f408bae018eded39,2022-06-10,Data Analyst,NA,20000,Bachelors,25,Male,White or Caucasian,Other,Poland
62a39e69d8c00e9f541a8358,2022-06-10,Other,Marketing Data Specialist,53000,Masters,22,Male,White or Caucasian,United States,NA
62a3a0bcf8f756164585daf7,2022-06-10,Data Analyst,NA,53000,High School,38,Male,White or Caucasian,Other,Germany
62a3a1a62e54c9003e53dc35,2022-06-10,Data Analyst,NA,20000,Bachelors,27,Male,Black or African American,Other,Kenya
62a3a231b4da29969c639b2c,2022-06-10,Data Analyst,NA,95500,Bachelors,34,Female,Black or African American,Canada,NA
62a3a3800f8c8599d5afd4db,2022-06-10,Data Analyst,NA,75500,Bachelors,31,Female,White or Caucasian,United States,NA
62a3a4fdbae91e4b8b83ab6f,2022-06-10,Data Analyst,NA,53000,Masters,33,Female,Black or African American,Canada,NA
62a3a7f50a77c1a77f668221,2022-06-10,Student/Looking/None,NA,20000,Bachelors,23,Male,Asian or Asian American,United States,NA
62a3a90f24a262602738e800,2022-06-10,Data Analyst,NA,53000,Bachelors,25,Female,Asian or Asian American,United States,NA
62a3a9dbd8c00e9f541a93eb,2022-06-10,Data Analyst,NA,20000,Masters,29,Male,White or Caucasian,Other,Iran
62a3aaa3cec54911e9cb1724,2022-06-10,Other,Analytics Engineer,53000,Masters,29,Female,Black or African American,United States,NA
62a3ab320f8c8599d5afdfa8,2022-06-10,Data Analyst,NA,20000,Masters,31,Male,Asian or Asian American,India,NA
62a3abacd8c00e9f541a96eb,2022-06-10,Student/Looking/None,NA,20000,High School,34,Male,Black or African American,Other,South Africa 
62a3ac4bf8f756164585ea83,2022-06-10,Data Analyst,NA,20000,Bachelors,26,Male,Other,Other,Bangladesh 
62a3ad35cec54911e9cb1b5c,2022-06-10,Other,Jr. Data Scientist,95500,Bachelors,26,Female,White or Caucasian,United States,NA
62a3ae69bc6861bf3177900d,2022-06-10,Other,Continuous Quality Improvement Specialist,53000,Masters,27,Male,Black or African American,United States,NA
62a3af26cec54911e9cb1f3a,2022-06-10,Data Analyst,NA,75500,Bachelors,26,Male,White or Caucasian,United States,NA
62a3af66f8f756164585eeb8,2022-06-10,Student/Looking/None,NA,20000,Masters,26,Female,Asian or Asian American,United States,NA
62a3b135b4da29969c63b1ed,2022-06-10,Data Analyst,NA,53000,Bachelors,24,Male,White or Caucasian,United States,NA
62a3b255d8c00e9f541a9fd5,2022-06-10,Data Analyst,NA,95500,Masters,28,Female,Other,Other,Ire
62a3b314f408bae018ee0938,2022-06-10,Data Analyst,NA,115500,Bachelors,29,Male,White or Caucasian,United States,NA
62a3b3f6bc6861bf3177973b,2022-06-10,Data Analyst,NA,75500,Masters,26,Female,Asian or Asian American,United States,NA
62a3ba4dbc6861bf31779f24,2022-06-10,Data Analyst,NA,53000,Bachelors,28,Male,White or Caucasian,United Kingdom,NA
62a3baa624a262602738ff27,2022-06-10,Data Analyst,NA,20000,Masters,25,Male,White or Caucasian,Other,France
62a3bc00d8c00e9f541aad66,2022-06-10,Data Analyst,NA,75500,Bachelors,26,Female,Asian or Asian American,United States,NA
62a3bf1b0a77c1a77f66a347,2022-06-10,Data Engineer,NA,137500,Masters,38,Female,White or Caucasian,United States,NA
62a3c021f8f756164586043f,2022-06-10,Other,Other (Please Specify),20000,High School,20,Female,Black or African American,Other,Nigeria 
62a3c1b1bc6861bf3177aa8c,2022-06-10,Data Analyst,NA,75500,Masters,45,Female,Black or African American,United States,NA
62a3c30324a26260273909b9,2022-06-10,Data Analyst,NA,95500,Masters,27,Male,Other,Canada,NA
62a3c476bc6861bf3177ad9d,2022-06-10,Data Analyst,NA,53000,Masters,28,Male,Asian or Asian American,Canada,NA
62a3c5f2cec54911e9cb3d9b,2022-06-10,Student/Looking/None,NA,20000,Bachelors,29,Female,Other,Other,Germany
62a3c7f1bc6861bf3177b06e,2022-06-10,Other,PMO,53000,High School,43,Female,Asian or Asian American,Other,Singapore
62a3c8652e54c9003e54103e,2022-06-10,Data Analyst,NA,20000,Bachelors,26,Male,Black or African American,Other,Antigua 
62a3ca44bae91e4b8b83dcd4,2022-06-10,Student/Looking/None,NA,53000,Bachelors,47,Female,Black or African American,United States,NA
62a3cafff8d5efcc22f8b5cb,2022-06-10,Student/Looking/None,NA,20000,Bachelors,23,Male,Black or African American,Other,Nigeria 
62a3cbfef8d5efcc22f8b6f1,2022-06-10,Data Analyst,NA,20000,Bachelors,25,Male,Other,Other,Egypt
62a3cde8f8f7561645861366,2022-06-10,Other,System Administrator,20000,Masters,32,Male,White or Caucasian,Other,Poland
62a3cfed0f8c8599d5b00b12,2022-06-10,Data Analyst,NA,20000,Bachelors,25,Female,White or Caucasian,United States,NA
62a3d21ef3072dd8926314d1,2022-06-10,Data Analyst,NA,20000,Bachelors,29,Female,Hispanic or Latino,Other,Venezuela
62a3d37c0a77c1a77f66bc0e,2022-06-10,Data Analyst,NA,53000,Bachelors,33,Female,Asian or Asian American,United States,NA
62a3d8dbf8f7561645861f9d,2022-06-10,Data Analyst,NA,115500,Masters,36,Male,Asian or Asian American,United States,NA
62a3d9697dc029e2d66cf087,2022-06-10,Data Analyst,NA,53000,Bachelors,25,Male,White or Caucasian,United States,NA
62a3dac9f3072dd892631e12,2022-06-10,Data Scientist,NA,187500,Masters,38,Male,White or Caucasian,United States,NA
62a3dc3ab4da29969c63e3d7,2022-06-10,Data Analyst,NA,75500,Masters,30,Male,Other,United States,NA
62a3e2abf8f75616458628d1,2022-06-10,Data Analyst,NA,53000,Masters,35,Male,Black or African American,United States,NA
62a3e32bd8c00e9f541ad5f0,2022-06-10,Other,Teacher,53000,Bachelors,42,Female,White or Caucasian,United States,NA
62a3ecf7bc6861bf3177d5c2,2022-06-10,Data Analyst,NA,75500,Masters,30,Male,White or Caucasian,United States,NA
62a3eea9bae91e4b8b8401a4,2022-06-10,Student/Looking/None,NA,20000,Bachelors,25,Female,Black or African American,Other,Nigeria
62a3f39df8d5efcc22f8ddc2,2022-06-10,Data Analyst,NA,95500,Bachelors,28,Female,Asian or Asian American,United States,NA
62a3f6a25d257a28a30e9d02,2022-06-10,Data Analyst,NA,20000,Bachelors,28,Male,Asian or Asian American,Canada,NA
62a3f6d9bae91e4b8b8408ca,2022-06-10,Student/Looking/None,NA,20000,High School,20,Male,Asian or Asian American,Other,Malaysia
62a3fc7c7dc029e2d66d10e8,2022-06-10,Data Analyst,NA,115500,Masters,33,Male,Hispanic or Latino,United States,NA
62a3fe0d5d257a28a30ea3c8,2022-06-10,Data Analyst,NA,75500,Associates,23,Male,White or Caucasian,United States,NA
62a3fea50a77c1a77f66e41b,2022-06-10,Data Analyst,NA,20000,Bachelors,35,Female,Hispanic or Latino,Other,Brazik
62a40276bc6861bf3177e6fd,2022-06-10,Student/Looking/None,NA,20000,Bachelors,22,Male,Asian or Asian American,India,NA
62a403bbf8d5efcc22f8eb18,2022-06-10,Data Analyst,NA,20000,Bachelors,33,Male,Asian or Asian American,India,NA
62a403d30f8c8599d5b03d65,2022-06-10,Data Engineer,NA,20000,Bachelors,22,Male,White or Caucasian,United States,NA
62a4044acf25554317312a81,2022-06-10,Data Analyst,NA,95500,Bachelors,35,Male,White or Caucasian,United States,NA
62a4061bf408bae018ee5deb,2022-06-10,Data Analyst,NA,75500,Masters,37,Female,White or Caucasian,United States,NA
62a40726575fa3a5ae89d990,2022-06-10,Student/Looking/None,NA,20000,Associates,22,Male,Other,United States,NA
62a4098124a2626027394ddc,2022-06-10,Data Analyst,NA,75500,Masters,36,Male,White or Caucasian,United States,NA
62a40c99575fa3a5ae89de4b,2022-06-10,Data Scientist,NA,95500,Bachelors,26,Male,Hispanic or Latino,India,NA
62a40d86d8c00e9f541afb5e,2022-06-10,Data Analyst,NA,20000,Bachelors,25,Female,Asian or Asian American,Other,South Korea
62a40da3cf255543173132e2,2022-06-10,Data Analyst,NA,53000,High School,34,Female,White or Caucasian,United States,NA
62a40dfa5d257a28a30eb110,2022-06-10,Data Analyst,NA,20000,Bachelors,33,Male,Hispanic or Latino,Other,Chile
62a410b5cec54911e9cb8262,2022-06-10,Student/Looking/None,NA,53000,Bachelors,37,Male,White or Caucasian,United States,NA
62a41135bc6861bf3177f3d8,2022-06-10,Data Analyst,NA,75500,High School,54,Female,White or Caucasian,United States,NA
62a41795cec54911e9cb8854,2022-06-11,Data Analyst,NA,20000,Bachelors,26,Male,Asian or Asian American,India,NA
62a41964d8c00e9f541b061d,2022-06-11,Data Analyst,NA,53000,Masters,27,Female,Hispanic or Latino,United States,NA
62a41968f8d5efcc22f8fd44,2022-06-11,Database Developer,NA,20000,Bachelors,24,Male,White or Caucasian,United Kingdom,NA
62a41e23bc6861bf3177fffb,2022-06-11,Data Analyst,NA,20000,Bachelors,24,Male,White or Caucasian,Other,Egypt
62a421cebc6861bf317803f5,2022-06-11,Other,Consultant,20000,Bachelors,27,Male,White or Caucasian,Other,Panama
62a42243f8d5efcc22f90c55,2022-06-11,Student/Looking/None,NA,20000,Bachelors,25,Male,Asian or Asian American,Other,indonesia
62a424ccd8c00e9f541b114e,2022-06-11,Data Analyst,NA,20000,Masters,28,Female,Black or African American,United Kingdom,NA
62a42527b4da29969c6423f7,2022-06-11,Other,Business Intelligence Developer,53000,Bachelors,21,Male,Asian or Asian American,United States,NA
62a425ec2e54c9003e5467bf,2022-06-11,Data Analyst,NA,95500,Bachelors,28,Female,White or Caucasian,United States,NA
62a427190a77c1a77f67095c,2022-06-11,Data Analyst,NA,20000,Masters,30,Male,Black or African American,Other,Ghana
62a429f0f3072dd892636396,2022-06-11,Data Analyst,NA,20000,Associates,24,Male,Black or African American,Other,Angola
62a42d6ef8d5efcc22f9178a,2022-06-11,Data Analyst,NA,20000,Bachelors,26,Male,Other,India,NA
62a436fd24a2626027397c93,2022-06-11,Data Analyst,NA,20000,High School,19,Female,Asian or Asian American,Other,Bangladesh 
62a43e86f408bae018ee913a,2022-06-11,Student/Looking/None,NA,20000,Masters,92,Female,Asian or Asian American,India,NA
62a43ed4f8d5efcc22f92d0a,2022-06-11,Data Analyst,NA,20000,Bachelors,28,Male,Black or African American,Other,Nigeria
62a43f43f408bae018ee9281,2022-06-11,Student/Looking/None,NA,20000,Masters,24,Female,Asian or Asian American,India,NA
62a440ab575fa3a5ae8a1418,2022-06-11,Other,Informatics Specialist,53000,Masters,25,Male,Asian or Asian American,United States,NA
62a441e3575fa3a5ae8a1552,2022-06-11,Data Analyst,NA,53000,Masters,42,Male,Black or African American,United Kingdom,NA
62a446faf8f7561645868c60,2022-06-11,Data Analyst,NA,20000,Bachelors,21,Male,Asian or Asian American,India,NA
62a448832e54c9003e5491c5,2022-06-11,Data Analyst,NA,75500,Bachelors,24,Male,White or Caucasian,United States,NA
62a44ae2f8f7561645869335,2022-06-11,Data Analyst,NA,53000,Bachelors,26,Female,White or Caucasian,United States,NA
62a44bc7bc6861bf31783829,2022-06-11,Data Analyst,NA,20000,Bachelors,30,Male,White or Caucasian,United Kingdom,NA
62a44ea3f408bae018eea62a,2022-06-11,Data Engineer,NA,95500,Bachelors,27,Male,Black or African American,United States,NA
62a4514ff408bae018eea94d,2022-06-11,Data Engineer,NA,20000,Bachelors,28,Male,Asian or Asian American,India,NA
62a45a140a77c1a77f67469d,2022-06-11,Data Analyst,NA,75500,Bachelors,29,Female,White or Caucasian,United Kingdom,NA
62a45c8bf3072dd89263a493,2022-06-11,Data Analyst,NA,20000,Bachelors,26,Female,Asian or Asian American,India,NA
62a45f8c0f8c8599d5b09d40,2022-06-11,Data Engineer,NA,20000,Bachelors,29,Male,Black or African American,Other,Africa (Nigeria)
62a4604d0a77c1a77f674e29,2022-06-11,Other,Business Analys,75500,Masters,60,Male,White or Caucasian,United Kingdom,NA
62a46a66f8d5efcc22f95a7a,2022-06-11,Data Analyst,NA,20000,Bachelors,25,Male,Black or African American,Other,Nigeria 
62a46ad7d8c00e9f541b664a,2022-06-11,Other,Finance Analyst ,20000,Masters,37,Female,Other,Other,Nigeria 
62a46dbecf25554317319e48,2022-06-11,Data Analyst,NA,75500,Bachelors,30,Female,Asian or Asian American,Canada,NA
62a475dcf408bae018eed15c,2022-06-11,Data Analyst,NA,20000,Masters,27,Female,Black or African American,Other,Nigeria 
62a477f0b4da29969c64892f,2022-06-11,Data Scientist,NA,,PhD,31,Male,White or Caucasian,United States,NA
62a47947cec54911e9cbf6b2,2022-06-11,Student/Looking/None,NA,20000,Masters,24,Male,Asian or Asian American,United Kingdom,NA
62a47c587dc029e2d66d9782,2022-06-11,Data Analyst,NA,20000,Bachelors,20,Female,Black or African American,United States,NA
62a47e3ef3072dd89263c8c0,2022-06-11,Other,Web Developer,20000,Bachelors,24,Male,Asian or Asian American,India,NA
62a47e812e54c9003e54d789,2022-06-11,Student/Looking/None,NA,20000,Bachelors,24,Male,White or Caucasian,Other,Romania
62a47ea87dc029e2d66d9b60,2022-06-11,Student/Looking/None,NA,20000,Bachelors,41,Male,Hispanic or Latino,Other,Spain
62a47f1e0a77c1a77f677174,2022-06-11,Data Analyst,NA,95500,Bachelors,41,Male,White or Caucasian,United States,NA
62a48566b4da29969c64995a,2022-06-11,Other,Manager ,187500,Bachelors,43,Male,White or Caucasian,United States,NA
62a48612d8c00e9f541b86b8,2022-06-11,Data Analyst,NA,75500,Bachelors,38,Female,White or Caucasian,United States,NA
62a487167dc029e2d66da73e,2022-06-11,Data Analyst,NA,20000,Bachelors,28,Female,Asian or Asian American,Other,Philippines
62a488197dc029e2d66da8a1,2022-06-11,Data Analyst,NA,95500,Bachelors,31,Female,Hispanic or Latino,Other,Germany
62a48c4c24a262602739e141,2022-06-11,Data Analyst,NA,95500,Masters,28,Female,White or Caucasian,United States,NA
62a48cbdf408bae018eeeccf,2022-06-11,Data Analyst,NA,53000,Masters,23,Male,Asian or Asian American,United States,NA
62a48d4df8d5efcc22f98308,2022-06-11,Data Analyst,NA,53000,Bachelors,25,Male,Black or African American,United Kingdom,NA
62a48d562e54c9003e54ea2b,2022-06-11,Other,Junior Software Engineer,20000,Masters,26,Male,White or Caucasian,Other,Poland
62a48da6b4da29969c64a3a5,2022-06-11,Data Scientist,NA,137500,Bachelors,35,Male,White or Caucasian,United States,NA
62a49012f408bae018eef16d,2022-06-11,Data Analyst,NA,115500,Masters,30,Male,White or Caucasian,Other,Denmark
62a491b3b4da29969c64a89e,2022-06-11,Data Analyst,NA,95500,Bachelors,35,Male,White or Caucasian,United Kingdom,NA
62a4926ef408bae018eef4ee,2022-06-11,Data Analyst,NA,20000,Bachelors,28,Male,Hispanic or Latino,Other,Panama
62a495d724a262602739ee07,2022-06-11,Student/Looking/None,NA,20000,Bachelors,24,Female,Black or African American,Other,Nigeria
62a49b3cb4da29969c64b5dc,2022-06-11,Data Analyst,NA,53000,Bachelors,34,Female,White or Caucasian,United States,NA
62a49e087dc029e2d66dc57e,2022-06-11,Data Analyst,NA,53000,Masters,31,Female,White or Caucasian,Other,Germany
62a49e47b4da29969c64b9f9,2022-06-11,Data Analyst,NA,20000,Masters,30,Male,Asian or Asian American,United Kingdom,NA
62a49e5f24a262602739f9af,2022-06-11,Data Engineer,NA,95500,Bachelors,40,Male,White or Caucasian,United Kingdom,NA
62a49fe7b4da29969c64bbe1,2022-06-11,Data Analyst,NA,53000,Bachelors,26,Male,Hispanic or Latino,United States,NA
62a4a3d4f8d5efcc22f9a051,2022-06-11,Data Analyst,NA,137500,Bachelors,25,Male,White or Caucasian,United States,NA
62a4a8cb0a77c1a77f67a405,2022-06-11,Data Analyst,NA,20000,Associates,45,Male,White or Caucasian,Other,Greece
62a4abb30f8c8599d5b0fc24,2022-06-11,Data Analyst,NA,53000,Masters,26,Male,Black or African American,United States,NA
62a4afd87dc029e2d66ddb24,2022-06-11,Data Scientist,NA,20000,Masters,26,Male,Other,India,NA
62a4b085cec54911e9cc3afe,2022-06-11,Other,Researchers ,20000,Masters,23,Male,Asian or Asian American,India,NA
62a4b23f5d257a28a30f6b8c,2022-06-11,Data Engineer,NA,115500,Masters,25,Male,Asian or Asian American,India,NA
62a4b29a5d257a28a30f6c63,2022-06-11,Data Analyst,NA,53000,High School,33,Female,White or Caucasian,United States,NA
62a4b2e5f8f75616458712af,2022-06-11,Other,Senior Business Analyst,20000,Bachelors,33,Male,Asian or Asian American,India,NA
62a4b6c30a77c1a77f67b54c,2022-06-11,Data Analyst,NA,95500,Bachelors,27,Male,White or Caucasian,United States,NA
62a4bf07b4da29969c64e4f8,2022-06-11,Data Analyst,NA,115500,Masters,28,Female,Hispanic or Latino,United States,NA
62a4bf3a0a77c1a77f67bef2,2022-06-11,Data Analyst,NA,75500,Bachelors,32,Male,Hispanic or Latino,United States,NA
62a4c49a575fa3a5ae8aadf4,2022-06-11,Data Analyst,NA,20000,Masters,35,Male,Asian or Asian American,India,NA
62a4c57af3072dd8926421ac,2022-06-11,Data Analyst,NA,95500,Masters,34,Male,Hispanic or Latino,United States,NA
62a4c6060a77c1a77f67c772,2022-06-11,Data Analyst,NA,53000,Masters,27,Male,White or Caucasian,Other,Germany
62a4c7d0f8f7561645872912,2022-06-11,Other,Data Coordinator,75500,Masters,30,Female,White or Caucasian,United States,NA
62a4cdfad8c00e9f541bdc6b,2022-06-11,Data Analyst,NA,75500,Masters,34,Male,White or Caucasian,United States,NA
62a4ce2bbae91e4b8b84f3db,2022-06-11,Other,Student working as a data analyst intern ,53000,Bachelors,22,Female,White or Caucasian,United States,NA
62a4cffeb4da29969c64f6a1,2022-06-11,Data Analyst,NA,20000,Masters,33,Female,Asian or Asian American,India,NA
62a4d08bf3072dd892642d2c,2022-06-11,Data Analyst,NA,20000,Masters,26,Female,Asian or Asian American,India,NA
62a4d13bbae91e4b8b84f89b,2022-06-11,Data Engineer,NA,20000,Bachelors,28,Male,Hispanic or Latino,Other,Argentina
62a4d74c5d257a28a30f97fc,2022-06-11,Other,Driver,20000,Bachelors,42,Male,Other,United Kingdom,NA
62a4d7f6bae91e4b8b84ffed,2022-06-11,Data Analyst,NA,20000,Masters,30,Male,Other,Other,Morocco
62a4d9d4bae91e4b8b8501f1,2022-06-11,Data Scientist,NA,115500,Associates,25,Male,White or Caucasian,United States,NA
62a4dd63f408bae018ef4e51,2022-06-11,Data Analyst,NA,53000,Bachelors,32,Male,Black or African American,United States,NA
62a4e34d7dc029e2d66e10b9,2022-06-11,Data Analyst,NA,20000,Masters,31,Male,Asian or Asian American,Other,Germany
62a4e4c90f8c8599d5b13d8f,2022-06-11,Data Analyst,NA,187500,High School,30,Male,White or Caucasian,Other,UAE
62a4e5aed8c00e9f541bf48c,2022-06-11,Student/Looking/None,NA,20000,Bachelors,23,Male,Asian or Asian American,Canada,NA
62a4f6eef3072dd892645775,2022-06-11,Other,Data manager,75500,Bachelors,31,Female,White or Caucasian,United Kingdom,NA
62a4fe370f8c8599d5b158c4,2022-06-11,Data Analyst,NA,53000,Masters,29,Female,Black or African American,Other,Fin
62a5008c5d257a28a30fbde5,2022-06-11,Data Analyst,NA,20000,Bachelors,24,Male,Other,Other,Nigeria
62a5038acec54911e9cc9526,2022-06-11,Other,GIS Analyst ,53000,Masters,36,Male,Asian or Asian American,United States,NA
62a50775f8f756164587677b,2022-06-11,Data Analyst,NA,53000,Masters,32,Female,White or Caucasian,United States,NA
62a50eddf8d5efcc22fa1a4e,2022-06-11,Other,Business Analyst,95500,Bachelors,36,Female,White or Caucasian,United States,NA
62a511acbc6861bf3179178a,2022-06-11,Data Engineer,NA,115500,Bachelors,30,Male,White or Caucasian,United States,NA
62a5177d18134ddc75d0e9d8,2022-06-11,Student/Looking/None,NA,20000,Masters,42,Male,Black or African American,Other,Sudan
62a51aaacec54911e9cca93b,2022-06-11,Data Analyst,NA,95500,PhD,53,Male,White or Caucasian,Other,Austr
62a51dc6575fa3a5ae8b09f3,2022-06-11,Data Analyst,NA,20000,High School,25,Male,Other,Other,Kenya
62a51fe0575fa3a5ae8b0c06,2022-06-11,Data Analyst,NA,20000,Bachelors,23,Male,White or Caucasian,Other,Leba
62a525aff8f75616458784dd,2022-06-11,Data Analyst,NA,20000,Bachelors,36,Male,Other,Other,Saudi Arabia
62a52629b4da29969c654a94,2022-06-11,Data Analyst,NA,53000,Bachelors,32,Male,Other,Other,United Arab Emirates 
62a52725d8c00e9f541c3b4a,2022-06-11,Data Analyst,NA,95500,Masters,25,Male,Hispanic or Latino,United States,NA
62a5390cb4da29969c655ccc,2022-06-11,Data Engineer,NA,53000,Masters,35,Female,Asian or Asian American,United Kingdom,NA
62a53bc0bc6861bf31793947,2022-06-11,Data Analyst,NA,75500,Bachelors,26,Male,White or Caucasian,United States,NA
62a53c84f3072dd8926495c9,2022-06-11,Student/Looking/None,NA,20000,Bachelors,22,Male,White or Caucasian,United States,NA
62a54bccf3072dd89264a13b,2022-06-11,Data Scientist,NA,95500,Masters,30,Male,Asian or Asian American,Canada,NA
62a54f20d8c00e9f541c5cfa,2022-06-11,Data Analyst,NA,75500,Masters,36,Male,White or Caucasian,United States,NA
62a552e1cf2555431732922d,2022-06-11,Data Analyst,NA,75500,Masters,30,Female,White or Caucasian,United States,NA
62a557d10f8c8599d5b1a81c,2022-06-11,Data Scientist,NA,115500,Bachelors,29,Male,Asian or Asian American,United States,NA
62a55b05f8d5efcc22fa5b65,2022-06-11,Other,Business Intelligence Analyst,75500,Masters,30,Male,White or Caucasian,United States,NA
62a55fe1f8d5efcc22fa5fe4,2022-06-11,Data Engineer,NA,53000,Bachelors,24,Male,Black or African American,United States,NA
62a56bc67dc029e2d66e86c0,2022-06-12,Data Engineer,NA,,Bachelors,33,Male,Asian or Asian American,United States,NA
62a57116f408bae018efd56a,2022-06-12,Data Analyst,NA,115500,Bachelors,42,Female,White or Caucasian,United States,NA
62a57263cec54911e9ccf648,2022-06-12,Data Analyst,NA,53000,Bachelors,36,Female,White or Caucasian,United States,NA
62a574b3b4da29969c658eb4,2022-06-12,Data Analyst,NA,53000,Bachelors,27,Male,White or Caucasian,United States,NA
62a58b267dc029e2d66ea3f8,2022-06-12,Data Analyst,NA,20000,Bachelors,21,Female,Asian or Asian American,India,NA
62a58d20575fa3a5ae8b6969,2022-06-12,Data Analyst,NA,53000,Masters,34,Female,White or Caucasian,Other,Israel
62a58faf2e54c9003e55ef2e,2022-06-12,Student/Looking/None,NA,20000,Bachelors,27,Male,White or Caucasian,Other,Netherlands
62a5998fbc6861bf31798ef0,2022-06-12,Other,BI consultant ,20000,Masters,27,Male,White or Caucasian,Other,France
62a59cd2cec54911e9cd251a,2022-06-12,Student/Looking/None,NA,20000,Associates,30,Male,Other,Other,Kenya
62a59d007dc029e2d66eb8f9,2022-06-12,Data Analyst,NA,75500,Bachelors,33,Female,White or Caucasian,United States,NA
62a5a124cec54911e9cd29f5,2022-06-12,Data Analyst,NA,95500,Masters,47,Male,American Indian or Alaska Native,India,NA
62a5a44b24a26260273af0fc,2022-06-12,Data Analyst,NA,75500,Masters,27,Male,Asian or Asian American,United States,NA
62a5a931cec54911e9cd3333,2022-06-12,Data Analyst,NA,20000,Bachelors,26,Male,Asian or Asian American,India,NA
62a5bea05d257a28a3106f7e,2022-06-12,Data Analyst,NA,20000,Masters,35,Female,Asian or Asian American,India,NA
62a5c571575fa3a5ae8baaa1,2022-06-12,Data Analyst,NA,95500,Masters,31,Male,Hispanic or Latino,United States,NA
62a5cb12cf25554317330d69,2022-06-12,Data Analyst,NA,20000,Bachelors,25,Male,Black or African American,Other,Zambia
62a5cba2575fa3a5ae8bb122,2022-06-12,Data Engineer,NA,75500,Bachelors,27,Male,White or Caucasian,United States,NA
62a5d350f3072dd892652c70,2022-06-12,Data Analyst,NA,53000,Bachelors,32,Male,White or Caucasian,Other,Netherlands
62a5db29cf2555431733248f,2022-06-12,Student/Looking/None,NA,20000,Bachelors,47,Male,White or Caucasian,Other,Portugal
62a5e69f24a26260273b42bf,2022-06-12,Other,DBA,75500,Masters,30,Female,Asian or Asian American,United States,NA
62a5ea667dc029e2d66f153d,2022-06-12,Data Analyst,NA,115500,Masters,35,Female,Black or African American,United States,NA
62a5ebe05d257a28a310ac53,2022-06-12,Data Analyst,NA,53000,High School,25,Male,Hispanic or Latino,United States,NA
62a5edb2575fa3a5ae8bdba5,2022-06-12,Other,Data Steward,75500,Bachelors,27,Male,White or Caucasian,United States,NA
62a5edba0a77c1a77f68f1b5,2022-06-12,Data Analyst,NA,53000,Masters,27,Female,Black or African American,United States,NA
62a5f332bc6861bf3179f631,2022-06-12,Student/Looking/None,NA,20000,Masters,23,Female,Asian or Asian American,India,NA
62a5f872bae91e4b8b861e53,2022-06-12,Data Scientist,NA,53000,Bachelors,18,Male,White or Caucasian,United States,NA
62a609b8f8f75616458875b7,2022-06-12,Data Analyst,NA,20000,Masters,28,Female,Hispanic or Latino,Other,Costa Rica 
62a609c4bc6861bf317a10a3,2022-06-12,Other,Analytics Manager,137500,Bachelors,28,Male,White or Caucasian,United States,NA
62a61076f8f7561645887ded,2022-06-12,Student/Looking/None,NA,20000,Bachelors,26,Female,American Indian or Alaska Native,United States,NA
62a615fd18134ddc75d1f1fa,2022-06-12,Student/Looking/None,NA,20000,Bachelors,27,Male,Black or African American,Other,ghana
62a617c30a77c1a77f6925fc,2022-06-12,Data Analyst,NA,53000,Masters,22,Female,Asian or Asian American,India,NA
62a618a9d8c00e9f541d3537,2022-06-12,Data Analyst,NA,20000,High School,27,Male,White or Caucasian,United States,NA
62a61eb02e54c9003e5697f7,2022-06-12,Data Engineer,NA,20000,Bachelors,28,Male,Asian or Asian American,India,NA
62a6246df3072dd892659218,2022-06-12,Data Analyst,NA,20000,High School,25,Male,Black or African American,Other,Nigeria
62a62a7124a26260273b94fa,2022-06-12,Data Analyst,NA,20000,Bachelors,32,Male,Hispanic or Latino,United Kingdom,NA
62a631782e54c9003e56ac36,2022-06-12,Student/Looking/None,NA,20000,Bachelors,33,Male,White or Caucasian,Other,Uruguay
62a633b4d8c00e9f541d54a4,2022-06-12,Data Analyst,NA,53000,Masters,23,Male,Black or African American,Canada,NA
62a639e05d257a28a3110ef5,2022-06-12,Student/Looking/None,NA,20000,Bachelors,40,Female,Black or African American,Other,Nigeria
62a642690f8c8599d5b2ab37,2022-06-12,Data Analyst,NA,53000,Bachelors,28,Female,Asian or Asian American,United Kingdom,NA
62a64b4dd8c00e9f541d6d81,2022-06-12,Data Analyst,NA,20000,High School,26,Male,Black or African American,Other,Nigeria
62a64c6ecf2555431733a7a4,2022-06-12,Other,Technical consulta,20000,Bachelors,24,Female,Asian or Asian American,India,NA
62a654165d257a28a3112ac9,2022-06-12,Other,Software Engineer, AI ,95500,Associates,40,Female,Other,United States,NA
62a65618d8c00e9f541d783a,2022-06-12,Data Analyst,NA,75500,Bachelors,26,Male,Black or African American,United States,NA
62a65db824a26260273bc9ff,2022-06-12,Data Scientist,NA,53000,Bachelors,44,Female,White or Caucasian,United Kingdom,NA
62a66558cf2555431733c0f9,2022-06-12,Other,Systems configuration ,75500,Masters,36,Male,White or Caucasian,United States,NA
62a6772c18134ddc75d25895,2022-06-12,Other,Business Analyst ,20000,Bachelors,30,Male,Hispanic or Latino,Other,Costa Rica
62a68f1e0a77c1a77f69a381,2022-06-12,Other,Sales & marketing,20000,Masters,48,Male,Other,Other,Indonesia
62a6a11a0a77c1a77f69b7cb,2022-06-12,Data Analyst,NA,53000,Masters,30,Female,Asian or Asian American,Canada,NA
62a6ac1524a26260273c1cd0,2022-06-12,Other,RF Engineer,20000,Bachelors,28,Male,Other,India,NA
62a6b0790a77c1a77f69cb15,2022-06-12,Other,Support Engineer,20000,Bachelors,25,Male,Other,India,NA
62a6bc6a18134ddc75d2a726,2022-06-13,Other,Analytics Engineer,115500,Masters,24,Male,American Indian or Alaska Native,United States,NA
62a6c3d9cec54911e9ce7669,2022-06-13,Data Analyst,NA,53000,Bachelors,31,Male,Black or African American,United States,NA
62a6d037cec54911e9ce862a,2022-06-13,Data Engineer,NA,20000,Bachelors,23,Male,Other,United Kingdom,NA
62a6d2532e54c9003e575d9c,2022-06-13,Data Analyst,NA,53000,Masters,48,Female,White or Caucasian,United Kingdom,NA
62a6dbcad8c00e9f541e1050,2022-06-13,Data Analyst,NA,75500,Bachelors,28,Male,Black or African American,United States,NA
62a6e2815d257a28a311c8f9,2022-06-13,Data Analyst,NA,53000,Masters,32,Male,Hispanic or Latino,United Kingdom,NA
62a6ea03d8c00e9f541e3594,2022-06-13,Data Scientist,NA,53000,Bachelors,30,Male,Asian or Asian American,Other,Hong Kong
62a7029ff8f7561645899bae,2022-06-13,Data Analyst,NA,20000,Masters,32,Male,White or Caucasian,Other,TUNISIA
62a7047c24a26260273c9646,2022-06-13,Data Analyst,NA,20000,Masters,30,Female,Other,Other,Sri lanka
62a70b55cec54911e9cedd98,2022-06-13,Data Analyst,NA,20000,Masters,35,Female,White or Caucasian,Other,Spain
62a71930bae91e4b8b878b2b,2022-06-13,Student/Looking/None,NA,20000,Masters,38,Female,Black or African American,United Kingdom,NA
62a73a37f8d5efcc22fcb724,2022-06-13,Other,Account manager,75500,Masters,30,Female,Asian or Asian American,United States,NA
62a73aa824a26260273d0172,2022-06-13,Data Analyst,NA,53000,Bachelors,48,Male,White or Caucasian,United States,NA
62a73c5b0a77c1a77f6aba65,2022-06-13,Data Analyst,NA,75500,Masters,32,Male,Asian or Asian American,Canada,NA
62a749ebd8c00e9f541efa36,2022-06-13,Other,Incident Manager,53000,Bachelors,27,Male,American Indian or Alaska Native,India,NA
62a74e28b4da29969c681108,2022-06-13,Other,Product owner,53000,Masters,27,Male,White or Caucasian,United Kingdom,NA
62a758185d257a28a312bc94,2022-06-13,Student/Looking/None,NA,20000,Bachelors,24,Male,Other,Other,Kenua
62a75a5418134ddc75d3d2f1,2022-06-13,Data Scientist,NA,187500,PhD,42,Male,Asian or Asian American,United States,NA
62a75ed0f8f75616458a5d1a,2022-06-13,Other,Business Analyst,53000,Bachelors,24,Male,Hispanic or Latino,United States,NA
62a75f1b575fa3a5ae8e0010,2022-06-13,Database Developer,NA,20000,Bachelors,23,Male,Asian or Asian American,India,NA
62a764ffd8c00e9f541f3cc3,2022-06-13,Data Analyst,NA,20000,Bachelors,26,Male,Asian or Asian American,India,NA
62a76c962e54c9003e588661,2022-06-13,Data Analyst,NA,53000,Bachelors,32,Male,Black or African American,Other,Germany
62a772da575fa3a5ae8e2a4a,2022-06-13,Other,Presales Engineer ,20000,Bachelors,35,Male,White or Caucasian,Other,Argentina 
62a7738a2e54c9003e589598,2022-06-13,Data Analyst,NA,115500,High School,41,Male,White or Caucasian,United States,NA
62a77967f8d5efcc22fd4c81,2022-06-13,Other,Predictive Analyst,53000,Masters,25,Male,White or Caucasian,United States,NA
62a77a37f8d5efcc22fd4e47,2022-06-13,Data Analyst,NA,20000,Masters,28,Female,Asian or Asian American,United States,NA
62a77cb7b4da29969c68743a,2022-06-13,Data Analyst,NA,53000,Bachelors,29,Male,White or Caucasian,United States,NA
62a78743f8f75616458ab6bb,2022-06-13,Student/Looking/None,NA,20000,High School,19,Male,White or Caucasian,United States,NA
62a789015d257a28a3132977,2022-06-13,Data Analyst,NA,53000,Bachelors,27,Male,Asian or Asian American,India,NA
62a78f3bf408bae018f2ef51,2022-06-13,Student/Looking/None,NA,20000,Bachelors,25,Male,White or Caucasian,Other,Other (Please Specify)
62a7988bbae91e4b8b88b8ee,2022-06-13,Data Analyst,NA,53000,Masters,26,Female,Asian or Asian American,Canada,NA
62a79c9c2e54c9003e58f0d5,2022-06-13,Data Analyst,NA,20000,Bachelors,25,Male,White or Caucasian,Other,Spain
62a7b0ae0f8c8599d5b51cd0,2022-06-13,Data Analyst,NA,20000,Bachelors,25,Male,White or Caucasian,Other,Portugal
62a7b283f8d5efcc22fdc189,2022-06-13,Data Analyst,NA,20000,Bachelors,26,Male,Black or African American,Other,Liberia
62a7b296f8d5efcc22fdc1ef,2022-06-13,Data Analyst,NA,137500,Bachelors,35,Male,White or Caucasian,United States,NA
62a7bd0e5d257a28a313855c,2022-06-13,Data Analyst,NA,95500,Masters,29,Male,Black or African American,United States,NA
62a7be5e5d257a28a313876a,2022-06-13,Data Analyst,NA,95500,Associates,41,Female,Hispanic or Latino,United States,NA
62a7ce44575fa3a5ae8ece5f,2022-06-13,Student/Looking/None,NA,20000,Bachelors,22,Female,Hispanic or Latino,United States,NA
62a7e1380f8c8599d5b55fcf,2022-06-13,Data Analyst,NA,75500,Bachelors,35,Male,Hispanic or Latino,United States,NA
62a7e2d024a26260273e4448,2022-06-13,Data Analyst,NA,75500,Bachelors,30,Male,Asian or Asian American,Other,SG
62a7ed9c0f8c8599d5b57132,2022-06-13,Data Engineer,NA,187500,Bachelors,37,Male,Asian or Asian American,Canada,NA
62a7f09a0f8c8599d5b57526,2022-06-13,Data Analyst,NA,75500,Masters,28,Female,Black or African American,United States,NA
62a7fb02f8d5efcc22fe2486,2022-06-13,Data Analyst,NA,95500,High School,23,Male,White or Caucasian,United States,NA
62a816907dc029e2d6725a33,2022-06-14,Student/Looking/None,NA,20000,High School,26,Male,Asian or Asian American,United States,NA
62a84764bc6861bf317d7b86,2022-06-14,Data Analyst,NA,75500,Bachelors,25,Male,Native Hawaiian or other Pacific Islander,Other,Australia
62a84f9af408bae018f41e34,2022-06-14,Data Analyst,NA,20000,Bachelors,23,Male,Asian or Asian American,India,NA
62a85803f8d5efcc22fea92f,2022-06-14,Student/Looking/None,NA,20000,Bachelors,53,Male,Black or African American,Other,Nigeria
62a8592f7dc029e2d672c0a8,2022-06-14,Data Engineer,NA,20000,Bachelors,33,Female,White or Caucasian,Other,Romania
62a8643bcec54911e9d14297,2022-06-14,Student/Looking/None,NA,20000,High School,39,Male,Black or African American,Other,Other (Please Specify)
62a8665c5d257a28a31474f7,2022-06-14,Data Analyst,NA,20000,Bachelors,22,Female,White or Caucasian,United Kingdom,NA
62a868c5cf2555431737094b,2022-06-14,Data Analyst,NA,53000,Bachelors,24,Male,White or Caucasian,Other,Germany
62a88e9ff8d5efcc22ff1eb6,2022-06-14,Data Architect,NA,95500,High School,31,Male,White or Caucasian,Canada,NA
62a89e365d257a28a314fd36,2022-06-14,Data Analyst,NA,20000,Bachelors,25,Male,Asian or Asian American,Other,Aisa
62a8b6ffbae91e4b8b8aa5c2,2022-06-14,Student/Looking/None,NA,20000,Bachelors,25,Male,Asian or Asian American,India,NA
62a8bf9e575fa3a5ae907617,2022-06-14,Data Analyst,NA,20000,Bachelors,23,Male,Asian or Asian American,India,NA
62a8cd29bc6861bf317ea9a2,2022-06-14,Other,Ads operations,53000,Bachelors,23,Male,Asian or Asian American,India,NA
62a8f477f408bae018f5869d,2022-06-14,Data Analyst,NA,95500,High School,40,Male,White or Caucasian,United States,NA
62a8fcf5cf25554317384604,2022-06-14,Data Analyst,NA,53000,Bachelors,29,Male,Hispanic or Latino,United States,NA
62a8fe9abc6861bf317f0c01,2022-06-14,Data Analyst,NA,20000,Bachelors,28,Male,Other,India,NA
62a9024d18134ddc75d6e76d,2022-06-14,Data Analyst,NA,20000,Masters,28,Female,Black or African American,United Kingdom,NA
62a95253bae91e4b8b8b91d9,2022-06-14,Student/Looking/None,NA,20000,Masters,26,Female,Asian or Asian American,India,NA
62a960567dc029e2d6749dd8,2022-06-15,Data Engineer,NA,53000,Masters,30,Male,White or Caucasian,Other,Netherlands
62a9612bf8d5efcc22007c09,2022-06-15,Data Analyst,NA,75500,Bachelors,27,Male,Asian or Asian American,Other,Australia
62a962380f8c8599d5b7e3fb,2022-06-15,Data Analyst,NA,20000,Bachelors,28,Male,Black or African American,Other,Nigeria
62a993537dc029e2d674e9b5,2022-06-15,Data Analyst,NA,75500,Masters,38,Female,Black or African American,Other,Nigeria
62a9bb81bc6861bf3180079c,2022-06-15,Data Analyst,NA,20000,Bachelors,22,Male,White or Caucasian,Other,Mexico
62a9c880f408bae018f6aa1b,2022-06-15,Data Analyst,NA,95500,Bachelors,34,Male,Hispanic or Latino,United States,NA
62a9e206f3072dd8926bce70,2022-06-15,Data Analyst,NA,20000,Bachelors,26,Male,Asian or Asian American,Other,Indonesia
62a9f0172e54c9003e5cdc25,2022-06-15,Data Analyst,NA,75500,Bachelors,26,Female,Asian or Asian American,Canada,NA
62a9f8a4cf2555431739d694,2022-06-15,Data Engineer,NA,75500,Bachelors,25,Male,Other,Other,Greece
62aa121dcec54911e9d446cc,2022-06-15,Data Scientist,NA,137500,Bachelors,34,Male,Black or African American,United States,NA
62aa1734f3072dd8926c4168,2022-06-15,Other,Power Bi Developer,53000,Bachelors,32,Female,Hispanic or Latino,Other,Poland
62aa21e218134ddc75d8be11,2022-06-15,Student/Looking/None,NA,20000,Associates,24,Male,Black or African American,United States,NA
62aa29852e54c9003e5d50b5,2022-06-15,Data Engineer,NA,20000,Bachelors,26,Male,Hispanic or Latino,Other,Argentine
62aa2f44bc6861bf3180fd06,2022-06-15,Data Analyst,NA,53000,Masters,32,Female,Black or African American,Other,Sweden
62aa3454bae91e4b8b8d3249,2022-06-15,Data Scientist,NA,53000,Masters,40,Male,White or Caucasian,Other,Portugal
62aa34e8f3072dd8926c7d56,2022-06-15,Data Analyst,NA,20000,Bachelors,27,Male,Black or African American,United States,NA
62aa356ff8d5efcc22020832,2022-06-15,Data Analyst,NA,75500,Masters,28,Male,Black or African American,United States,NA
62aa3e6824a26260274264da,2022-06-15,Data Analyst,NA,20000,Bachelors,30,Male,Other,Other,Nigeria
62aa4790f8d5efcc2202266e,2022-06-15,Data Analyst,NA,20000,Bachelors,37,Male,White or Caucasian,United States,NA
62aa5761bc6861bf318141fc,2022-06-15,Other,Software support,53000,Bachelors,32,Male,Asian or Asian American,Other,Australia
62aa5c11f408bae018f7dec0,2022-06-15,Data Analyst,NA,53000,Bachelors,24,Male,Other,Other,Saudi Arabia 
62aa956ef8d5efcc22028e3d,2022-06-15,Data Analyst,NA,20000,Associates,39,Male,White or Caucasian,Other,Argentina
62aa95970a77c1a77f709268,2022-06-15,Data Analyst,NA,137500,Bachelors,34,Male,Asian or Asian American,Other,Australia
62aa98bfcf255543173adbdc,2022-06-15,Data Analyst,NA,53000,Bachelors,27,Male,Black or African American,United States,NA
62aaa387f8d5efcc22029fcb,2022-06-15,Data Analyst,NA,75500,High School,54,Male,White or Caucasian,United States,NA
62aaa86bbae91e4b8b8dc832,2022-06-15,Student/Looking/None,NA,20000,Bachelors,20,Female,Asian or Asian American,India,NA
62aacd922e54c9003e5e33c2,2022-06-16,Student/Looking/None,NA,20000,Masters,25,Male,Asian or Asian American,India,NA
62aaeecd0f8c8599d5ba6923,2022-06-16,Student/Looking/None,NA,20000,Bachelors,33,Male,Asian or Asian American,India,NA
62aaf8397dc029e2d6773cde,2022-06-16,Data Analyst,NA,53000,Masters,30,Male,White or Caucasian,United Kingdom,NA
62aaff342e54c9003e5e79b8,2022-06-16,Student/Looking/None,NA,20000,High School,31,Male,Black or African American,Other,Niger
62ab0bdc575fa3a5ae9413e5,2022-06-16,Student/Looking/None,NA,20000,Masters,22,Male,Other,Other,France
62ab1cb0cec54911e9d5d187,2022-06-16,Data Analyst,NA,75500,Bachelors,38,Female,Black or African American,United States,NA
62ab3e62bae91e4b8b8ebe14,2022-06-16,Data Analyst,NA,20000,Bachelors,22,Male,Other,Other,Malaysia
62ab6ab318134ddc75dabb09,2022-06-16,Data Scientist,NA,20000,Bachelors,33,Male,Asian or Asian American,India,NA
62ab83a7d8c00e9f54263d2e,2022-06-16,Data Analyst,NA,53000,Bachelors,27,Male,White or Caucasian,Canada,NA
62ab8bf65d257a28a319e9cb,2022-06-16,Data Analyst,NA,20000,Bachelors,19,Male,White or Caucasian,Other,Algeria
62abec6cf3072dd8926f2ad0,2022-06-16,Other,Investigation specialist,20000,Bachelors,24,Male,Other,India,NA
62abee280f8c8599d5bc246d,2022-06-16,Other,Director,187500,Masters,58,Female,White or Caucasian,United States,NA
62acc1f0cf255543173e59f7,2022-06-17,Data Analyst,NA,20000,Bachelors,22,Male,Black or African American,Other,Nigeria 
62ace61d575fa3a5ae972d57,2022-06-17,Data Analyst,NA,95500,Masters,26,Male,Asian or Asian American,Other,Ireland
62acf0890f8c8599d5bdce87,2022-06-17,Other,Data Manager,53000,Bachelors,31,Female,White or Caucasian,United Kingdom,NA
62ad591424a2626027471080,2022-06-18,Data Analyst,NA,53000,High School,23,Male,Hispanic or Latino,United States,NA
62ade22318134ddc75de385f,2022-06-18,Data Analyst,NA,95500,Masters,31,Female,Asian or Asian American,United States,NA
62adf26f18134ddc75de4bb4,2022-06-18,Student/Looking/None,NA,75500,Bachelors,24,Female,Asian or Asian American,United States,NA
62ae680024a2626027483ebc,2022-06-18,Other,Analytics Engineer,53000,Bachelors,29,Male,Hispanic or Latino,Other,Mexico
62aee103f8f756164595adb8,2022-06-19,Student/Looking/None,NA,20000,Bachelors,26,Male,Asian or Asian American,Other,Indonesia
62af07be7dc029e2d67cc3c8,2022-06-19,Student/Looking/None,NA,20000,High School,20,Male,Asian or Asian American,India,NA
62af10295d257a28a31e6ff8,2022-06-19,Data Analyst,NA,20000,Bachelors,23,Male,Asian or Asian American,India,NA
62af387018134ddc75df894e,2022-06-19,Data Analyst,NA,115500,Masters,33,Male,White or Caucasian,United States,NA
62af49025d257a28a31eb2f1,2022-06-19,Student/Looking/None,NA,20000,Bachelors,26,Male,Black or African American,Other,Nigeria
62af53ce0f8c8599d5c04934,2022-06-19,Data Analyst,NA,20000,Bachelors,27,Male,Asian or Asian American,India,NA
62af6371f8d5efcc2208e923,2022-06-19,Student/Looking/None,NA,20000,Bachelors,22,Male,Asian or Asian American,Other,uzb
62af9ed7f3072dd892739279,2022-06-19,Data Analyst,NA,20000,Masters,23,Male,White or Caucasian,Other,Spain
62b152960f8c8599d5c31550,2022-06-21,Other,SAP Security Analyst,20000,Bachelors,28,Male,Hispanic or Latino,Other,Mexico
62b16a5c5d257a28a321a74c,2022-06-21,Data Analyst,NA,53000,Masters,39,Female,White or Caucasian,Other,Portugal
62b21d40bae91e4b8b985154,2022-06-21,Other,BI Manager,115500,Masters,37,Male,White or Caucasian,United States,NA
62b27004bc6861bf318c9038,2022-06-21,Database Developer,NA,53000,Masters,29,Female,White or Caucasian,United States,NA
62b2ea87f8d5efcc220e3e21,2022-06-22,Data Analyst,NA,115500,Masters,42,Male,White or Caucasian,United States,NA
62b35284cec54911e9e1818c,2022-06-22,Student/Looking/None,NA,20000,Bachelors,25,Female,Asian or Asian American,Canada,NA
62b4404df31287f32e14d1c1,2022-06-23,Database Developer,NA,20000,High School,66,Male,Black or African American,Other,Morocco 
62b525563f28f20328aeee5c,2022-06-23,Data Analyst,NA,137500,Bachelors,26,Male,White or Caucasian,United States,NA
62b5a3e29bc428d5345f6e89,2022-06-24,Other,Data Scientist Intern,20000,Bachelors,21,Male,White or Caucasian,United States,NA
62b71083f31287f32e189026,2022-06-25,Student/Looking/None,NA,20000,Bachelors,26,Male,Asian or Asian American,Other,Oman
62b795033b026e423f287ecd,2022-06-25,Data Engineer,NA,20000,Bachelors,24,Male,Hispanic or Latino,Other,Costa Rica
62b89039377223ff07b80fb5,2022-06-26,Data Analyst,NA,53000,Bachelors,22,Male,Asian or Asian American,United States,NA
