id,gender,age,ethnicity,location,current_role,industry,current_salary,favourite_programming_language
62a33b3db4da29969c62df3d,Male,26,White or Caucasian,United States,Data Analyst,Healthcare,115500,Python
62a33ba1bae91e4b8b82e35c,Male,36,Asian or Asian American,Canada,Data Analyst,Finance,53000,R
62a33c2cbc6861bf3176bec1,Male,23,Black or African American,Other,Data Engineer,Other,20000,Python
62a33c8624a26260273822f9,Female,35,White or Caucasian,Canada,Other,Finance,187500,R
62a33c91f3072dd892621e03,Male,44,Black or African American,United States,Data Analyst,Healthcare,53000,R
62a33cb6cf25554317300177,Male,33,Black or African American,Other,Data Analyst,Other,20000,Python
62a33cb72e54c9003e531c65,Male,24,Black or African American,Other,Data Scientist,Finance,20000,Python
62a33cd30f8c8599d5af0f8f,Male,35,Asian or Asian American,United States,Data Engineer,Other,137500,Other
62a33cd3cf255543173001d9,Male,35,Asian or Asian American,United States,Data Analyst,Healthcare,95500,R
62a33cd8bc6861bf3176c05f,Male,28,Hispanic or Latino,United States,Data Analyst,Telecommunication,53000,Python
62a33ce918134ddc75ce8c30,Male,37,White or Caucasian,Canada,Data Analyst,Other,75500,Python
62a33cf30a77c1a77f65baa2,Male,32,White or Caucasian,Other,Data Analyst,Other,20000,Python
62a33d15f408bae018ed370d,Male,34,Other,Other,Data Analyst,Tech,20000,R
62a33d1ebae91e4b8b82e707,Male,30,White or Caucasian,United Kingdom,Data Scientist,Education,20000,Python
62a33d4624a26260273824c4,Male,31,White or Caucasian,United States,Data Analyst,Construction,53000,R
62a33d5c0f8c8599d5af107c,Male,29,White or Caucasian,United States,Data Analyst,Finance,53000,Python
62a33d850f8c8599d5af10cb,Male,22,Black or African American,Other,Data Analyst,Tech,20000,Python
62a33d9bf8f7561645852496,Male,23,Black or African American,United States,Student/Looking/None,Other,20000,Python
62a33dbdd8c00e9f5419cd65,Female,26,Asian or Asian American,Canada,Student/Looking/None,Tech,53000,R
62a33de124a26260273826b2,Male,28,Black or African American,Other,Data Analyst,Other,20000,Python
62a33dedd8c00e9f5419ce2b,Male,29,Black or African American,Other,Data Analyst,Finance,53000,Python
62a33dfbd8c00e9f5419ceda,Female,31,White or Caucasian,United States,Data Analyst,Tech,115500,Other
62a33e38f3072dd8926221d3,Male,28,White or Caucasian,Other,Data Analyst,Healthcare,20000,Python
62a33e54d8c00e9f5419cfe9,Male,32,Hispanic or Latino,Other,Data Analyst,Finance,20000,Python
62a33e62575fa3a5ae88aabf,Male,24,Black or African American,Other,Data Analyst,Tech,20000,Python
62a33e63cec54911e9ca4f99,Male,31,Asian or Asian American,India,Data Analyst,Tech,20000,Python
62a33e72bae91e4b8b82ea1a,Male,23,White or Caucasian,United States,Data Analyst,Other,75500,Other
62a33e890f8c8599d5af13b9,Female,33,Asian or Asian American,United States,Data Analyst,Other,115500,Python
62a33e8bf8d5efcc22f7c79a,Male,43,White or Caucasian,United States,Data Analyst,Healthcare,95500,Other
62a33e90cec54911e9ca5031,Female,23,Other,Other,Student/Looking/None,Other,20000,R
62a33e9df8f756164585277b,Male,31,Black or African American,United States,Student/Looking/None,Finance,53000,Python
62a33eb6bc6861bf3176c5a3,Male,31,White or Caucasian,United Kingdom,Data Analyst,Finance,75500,Python
62a33ee0bae91e4b8b82eaec,Male,25,Asian or Asian American,India,Data Analyst,Other,20000,Python
62a33ee80f8c8599d5af14b7,Male,43,White or Caucasian,United States,Data Engineer,Tech,137500,Other
62a33efe0a77c1a77f65bf1e,Female,26,Other,Canada,Data Analyst,Finance,53000,Python
62a33f0ef408bae018ed3aeb,Male,32,White or Caucasian,Other,Other,Other,53000,Python
62a33f17f8f7561645852867,Male,31,White or Caucasian,Other,Other,Tech,20000,Python
62a33f52bc6861bf3176c72c,Male,29,White or Caucasian,United States,Data Analyst,Healthcare,95500,Other
62a33f56cf255543173005e9,Male,24,Hispanic or Latino,Other,Data Analyst,Other,20000,Python
62a33f5a5d257a28a30d7bb5,Male,34,White or Caucasian,United States,Student/Looking/None,Construction,53000,Python
62a33fa5cec54911e9ca51f1,Male,42,Other,Other,Data Analyst,Other,53000,Other
62a33fcb575fa3a5ae88ad59,Female,40,Asian or Asian American,United States,Student/Looking/None,Other,20000,JavaScript
62a33fcf18134ddc75ce91c3,Male,43,White or Caucasian,Other,Student/Looking/None,Telecommunication,53000,Python
62a34006d8c00e9f5419d341,Male,23,Other,Other,Student/Looking/None,Construction,20000,Python
62a34020575fa3a5ae88ade0,Male,23,Asian or Asian American,Other,Student/Looking/None,Education,20000,Python
62a34038b4da29969c62eafe,Male,28,White or Caucasian,United States,Data Analyst,Other,95500,Python
62a3406b575fa3a5ae88ae78,Male,32,White or Caucasian,United States,Data Analyst,Finance,75500,Other
62a340cab4da29969c62ec01,Female,41,White or Caucasian,United States,Data Analyst,Other,75500,R
62a340d62e54c9003e5324b4,Male,33,White or Caucasian,United Kingdom,Data Analyst,Finance,53000,Python
62a340e10a77c1a77f65c2e7,Male,38,Hispanic or Latino,United States,Other,Tech,187500,Python
62a340f5bc6861bf3176caa4,Female,22,Other,India,Data Analyst,Tech,20000,Other
62a34117cec54911e9ca54e7,Male,36,Black or African American,Other,Student/Looking/None,Other,20000,R
62a3413a5d257a28a30d8074,Female,28,Asian or Asian American,United States,Data Engineer,Finance,75500,Python
62a341a1f3072dd8926229a5,Male,30,Other,Other,Student/Looking/None,Other,20000,Other
62a341b0f8f7561645852d1d,Female,24,Hispanic or Latino,United States,Data Analyst,Tech,75500,Python
62a341e8f8d5efcc22f7d002,Male,29,White or Caucasian,United States,Other,Other,53000,C/C++
62a34210cf25554317300c02,Male,29,Hispanic or Latino,Other,Data Analyst,Tech,20000,Python
62a3424eb4da29969c62eedd,Male,38,White or Caucasian,Other,Other,Other,53000,Python
62a34256bae91e4b8b82f16d,Male,31,White or Caucasian,Other,Data Analyst,Finance,20000,Other
62a3426cf408bae018ed409b,Male,25,White or Caucasian,United States,Student/Looking/None,Tech,20000,Python
62a34272f8d5efcc22f7d15f,Male,24,White or Caucasian,United States,Data Analyst,Telecommunication,75500,Python
62a34340bc6861bf3176d05b,Male,28,White or Caucasian,Other,Other,Tech,53000,Python
62a34383b4da29969c62f1be,Female,23,Asian or Asian American,India,Student/Looking/None,Tech,20000,Python
62a34389cec54911e9ca5a22,Male,21,Hispanic or Latino,Other,Data Engineer,Tech,20000,R
62a343a22e54c9003e532a2a,Male,29,Other,Other,Data Analyst,Other,20000,Python
62a343d9f3072dd892622fe4,Male,25,Asian or Asian American,United States,Data Analyst,Tech,53000,Python
62a34400d8c00e9f5419dc2b,Male,27,Black or African American,Other,Data Analyst,Tech,53000,Python
62a34425f8d5efcc22f7d525,Male,23,Asian or Asian American,India,Data Analyst,Tech,53000,Python
62a34449575fa3a5ae88b637,Male,32,Asian or Asian American,United States,Other,Other,95500,R
62a3445dcf255543173011e1,Male,22,Asian or Asian American,India,Student/Looking/None,Healthcare,115500,Python
62a3447a575fa3a5ae88b6c0,Male,25,Asian or Asian American,Other,Data Analyst,Tech,20000,Python
62a3449f7dc029e2d66bf5d1,Female,36,White or Caucasian,Other,Data Analyst,Telecommunication,20000,Python
62a344c5f408bae018ed4806,Female,27,White or Caucasian,United States,Data Analyst,Tech,115500,Other
62a344c6f8d5efcc22f7d6e1,Male,23,Asian or Asian American,India,Other,Tech,20000,Python
62a344e1f3072dd892623328,Male,26,Black or African American,Other,Student/Looking/None,Tech,20000,Other
62a3450424a262602738357f,Female,33,Hispanic or Latino,United States,Other,Healthcare,95500,Python
62a3452818134ddc75ce9e1b,Male,27,White or Caucasian,Other,Data Analyst,Other,115500,Python
62a345490a77c1a77f65cc5b,Male,42,White or Caucasian,United States,Data Analyst,Education,53000,R
62a3455bbc6861bf3176d57a,Male,29,White or Caucasian,Other,Data Analyst,Tech,20000,Python
62a3457bf8d5efcc22f7da17,Female,27,Asian or Asian American,United States,Data Analyst,Tech,137500,Python
62a345b2bae91e4b8b82fad6,Female,39,Hispanic or Latino,United States,Student/Looking/None,Healthcare,53000,Python
62a345c47dc029e2d66bf80a,Male,31,White or Caucasian,Other,Data Analyst,Telecommunication,53000,Python
62a345e25d257a28a30d8b43,Male,29,Hispanic or Latino,Other,Data Analyst,Other,75500,Python
62a34646f8d5efcc22f7dc5c,Male,31,White or Caucasian,United States,Data Analyst,Education,75500,R
62a34687f408bae018ed4c52,Male,30,Hispanic or Latino,Other,Data Analyst,Finance,20000,Python
62a346a37dc029e2d66bfa6d,Male,33,Hispanic or Latino,Other,Data Engineer,Tech,20000,Python
62a346a95d257a28a30d8cb9,Male,25,White or Caucasian,United States,Data Analyst,Other,75500,Python
62a346b4bc6861bf3176d7ce,Male,23,Other,India,Student/Looking/None,Tech,20000,R
62a346cef8f756164585385b,Male,33,Asian or Asian American,United States,Data Analyst,Other,53000,Other
62a346d724a2626027383abd,Male,35,Hispanic or Latino,Other,Other,Other,75500,Python
62a346d90a77c1a77f65d08d,Female,42,White or Caucasian,Other,Data Analyst,Other,53000,Python
62a34726f8d5efcc22f7dec7,Male,25,White or Caucasian,United States,Data Analyst,Tech,75500,Python
62a3476c5d257a28a30d8e6d,Male,23,White or Caucasian,United States,Data Analyst,Other,95500,Python
62a347b4f8f7561645853a98,Female,51,Black or African American,United States,Other,Healthcare,53000,JavaScript
62a347f6b4da29969c62fb79,Male,30,Black or African American,United Kingdom,Data Analyst,Telecommunication,20000,Other
62a3483018134ddc75cea4e6,Male,23,Asian or Asian American,India,Data Analyst,Finance,53000,Python
62a348650f8c8599d5af2b77,Male,24,Asian or Asian American,Canada,Other,Other,53000,R
62a3489318134ddc75cea659,Male,25,Asian or Asian American,Other,Student/Looking/None,Tech,53000,Python
62a348bf2e54c9003e533634,Female,55,Other,United States,Data Analyst,Finance,53000,Python
62a348c2f3072dd892623c10,Female,30,White or Caucasian,United States,Data Analyst,Other,95500,R
62a348f2f8d5efcc22f7e2ba,Male,25,Asian or Asian American,Canada,Data Analyst,Other,53000,Python
62a349160a77c1a77f65d4db,Male,28,White or Caucasian,United States,Data Analyst,Other,75500,Python
62a3493fb4da29969c62fe63,Male,34,White or Caucasian,United Kingdom,Other,Other,53000,Python
62a3496e575fa3a5ae88c4e6,Female,28,Hispanic or Latino,Other,Data Analyst,Tech,20000,Python
62a3498e575fa3a5ae88c554,Male,24,Asian or Asian American,Other,Student/Looking/None,Other,20000,Other
62a34991b4da29969c62ff4b,Male,31,Black or African American,United States,Student/Looking/None,Healthcare,20000,Python
62a349bbf8f756164585400d,Male,25,Asian or Asian American,Canada,Data Analyst,Other,53000,Other
62a349c7cec54911e9ca67c7,Female,38,White or Caucasian,United States,Data Analyst,Finance,115500,Python
62a349d5d8c00e9f5419ead2,Male,30,Hispanic or Latino,Other,Data Analyst,Finance,53000,Python
62a349e6b4da29969c63000c,Male,25,Asian or Asian American,India,Data Analyst,Tech,20000,C/C++
62a34a03cec54911e9ca6869,Female,29,Black or African American,Other,Data Analyst,Tech,20000,Python
62a34ab15d257a28a30d9589,Male,21,White or Caucasian,Other,Data Scientist,Finance,187500,Python
62a34abc0f8c8599d5af31c5,Female,39,Asian or Asian American,United States,Data Analyst,Other,75500,Other
62a34b07cec54911e9ca6b6e,Male,25,White or Caucasian,Other,Student/Looking/None,Other,20000,Python
62a34b0eb4da29969c6302ce,Female,42,Hispanic or Latino,United States,Other,Finance,95500,Other
62a34b1b0f8c8599d5af328b,Male,25,White or Caucasian,United States,Data Analyst,Tech,53000,R
62a34b5b5d257a28a30d96a6,Male,22,White or Caucasian,United States,Data Scientist,Finance,95500,Python
62a34b7ebae91e4b8b83076c,Male,23,Hispanic or Latino,Other,Data Analyst,Other,20000,Python
62a34b99cec54911e9ca6e14,Male,25,Other,Other,Data Engineer,Other,53000,JavaScript
62a34bb0f3072dd892624210,Male,45,White or Caucasian,Canada,Data Engineer,Other,75500,Python
62a34bd0cf2555431730208b,Male,24,White or Caucasian,United States,Data Analyst,Healthcare,75500,Other
62a34bd4f408bae018ed57bd,Male,25,Black or African American,United States,Student/Looking/None,Other,20000,R
62a34c66b4da29969c6305af,Male,26,White or Caucasian,United States,Data Analyst,Other,75500,Python
62a34d1ff8f756164585465c,Male,23,Asian or Asian American,Canada,Data Analyst,Tech,53000,R
62a34d4118134ddc75ceb0ed,Female,42,White or Caucasian,United Kingdom,Student/Looking/None,Other,20000,Python
62a34da0f408bae018ed5abd,Female,42,Black or African American,United States,Other,Education,53000,Other
62a34dbb5d257a28a30d9a61,Male,25,Asian or Asian American,India,Other,Tech,20000,Python
62a34e00f8f7561645854954,Male,38,White or Caucasian,United States,Data Analyst,Tech,95500,R
62a34e082e54c9003e534118,Male,24,Hispanic or Latino,Other,Other,Tech,20000,Python
62a34eb7bc6861bf3176e6d8,Male,28,White or Caucasian,United States,Data Analyst,Education,75500,R
62a34f2af8f7561645854c1c,Male,21,Asian or Asian American,United States,Data Analyst,Healthcare,53000,Python
62a34f3bf408bae018ed5e42,Male,39,White or Caucasian,United States,Data Analyst,Healthcare,115500,R
62a34fa418134ddc75ceb509,Male,23,Asian or Asian American,Other,Data Analyst,Tech,20000,Python
62a34fbacec54911e9ca776f,Female,23,White or Caucasian,Other,Data Analyst,Other,20000,R
62a34fc3f3072dd892624a45,Male,30,White or Caucasian,United States,Data Analyst,Other,75500,R
62a34ff1f408bae018ed601d,Male,26,White or Caucasian,Other,Data Analyst,Other,53000,Python
62a34ff4f3072dd892624b32,Male,37,White or Caucasian,United States,Data Analyst,Healthcare,53000,R
62a3505bd8c00e9f5419f8df,Female,31,White or Caucasian,United States,Data Analyst,Healthcare,75500,Python
62a350f7f3072dd892624d05,Female,25,Black or African American,Other,Data Analyst,Finance,20000,C/C++
62a35130f3072dd892624d9f,Female,26,White or Caucasian,Other,Data Analyst,Healthcare,20000,Python
62a351860a77c1a77f65e86b,Male,30,White or Caucasian,United States,Data Analyst,Healthcare,75500,Other
62a3519b24a262602738514a,Female,39,Black or African American,United States,Data Analyst,Tech,75500,Python
62a35236b4da29969c631214,Female,28,Asian or Asian American,India,Other,Education,20000,Python
62a352a32e54c9003e534981,Male,22,Other,United States,Data Analyst,Finance,75500,Other
62a352f00a77c1a77f65eae7,Male,28,Black or African American,Other,Data Analyst,Telecommunication,20000,Python
62a353372e54c9003e534a40,Male,33,White or Caucasian,United States,Other,Tech,187500,R
62a353565d257a28a30da59f,Female,22,Other,Other,Data Analyst,Finance,20000,Other
62a353f07dc029e2d66c1783,Male,27,Other,India,Student/Looking/None,Tech,20000,Python
62a3545e0f8c8599d5af474b,Male,37,Other,United States,Data Analyst,Other,115500,Other
62a35472cec54911e9ca82bc,Male,24,White or Caucasian,United States,Other,Other,53000,R
62a354bdb4da29969c631700,Male,25,Asian or Asian American,United Kingdom,Data Analyst,Healthcare,53000,R
62a354e9cf255543173031ed,Male,28,Black or African American,United States,Data Engineer,Healthcare,95500,R
62a35541f3072dd892625517,Male,32,White or Caucasian,United Kingdom,Data Analyst,Other,53000,Python
62a355445d257a28a30dab12,Male,29,Asian or Asian American,United States,Data Analyst,Other,53000,Python
62a35631cf25554317303425,Female,26,White or Caucasian,Other,Data Analyst,Healthcare,53000,R
62a357390a77c1a77f65f189,Male,37,White or Caucasian,Canada,Data Engineer,Tech,53000,Python
62a3578b0a77c1a77f65f279,Male,25,White or Caucasian,United States,Data Analyst,Other,53000,R
62a357d30f8c8599d5af4ea3,Male,24,White or Caucasian,Other,Data Analyst,Finance,20000,Other
62a3582e575fa3a5ae88e506,Male,52,White or Caucasian,United States,Other,Finance,137500,Other
62a35878575fa3a5ae88e5d5,Male,27,Asian or Asian American,Other,Data Analyst,Finance,53000,Python
62a35981bae91e4b8b8323dd,Female,29,White or Caucasian,United States,Data Analyst,Healthcare,115500,Other
62a35a2c7dc029e2d66c2519,Male,42,White or Caucasian,Other,Student/Looking/None,Tech,20000,Python
62a35aa2f8d5efcc22f8075d,Male,28,White or Caucasian,United States,Data Analyst,Telecommunication,53000,R
62a35ababae91e4b8b83269d,Male,44,Hispanic or Latino,Other,Data Analyst,Tech,20000,Python
62a35ae0575fa3a5ae88ea98,Male,23,White or Caucasian,Other,Data Engineer,Tech,20000,Python
62a35ae87dc029e2d66c279b,Male,27,Hispanic or Latino,United States,Data Analyst,Other,53000,R
62a35b13bc6861bf31770188,Male,26,White or Caucasian,United States,Data Analyst,Construction,75500,Python
62a35b72f408bae018ed76a8,Male,27,Hispanic or Latino,United States,Data Analyst,Healthcare,95500,Other
62a35b965d257a28a30db899,Male,33,Asian or Asian American,Canada,Data Analyst,Other,75500,Python
62a35ba3f3072dd892626068,Male,28,Hispanic or Latino,United States,Data Analyst,Other,75500,Python
62a35c890a77c1a77f65fdfa,Male,32,Black or African American,Other,Data Analyst,Tech,20000,R
62a35d8f575fa3a5ae88efd6,Male,34,Asian or Asian American,Canada,Student/Looking/None,Other,53000,Python
62a35d95cf25554317304386,Male,28,Asian or Asian American,United States,Data Analyst,Tech,187500,Python
62a35e970a77c1a77f66035a,Male,27,Other,India,Data Scientist,Telecommunication,137500,Python
62a35eabf408bae018ed7cbc,Male,22,White or Caucasian,United States,Data Engineer,Finance,53000,Python
62a35f0d24a2626027386a8b,Male,29,White or Caucasian,United States,Data Analyst,Healthcare,75500,Python
62a35f825d257a28a30dc128,Female,31,White or Caucasian,United States,Data Analyst,Healthcare,75500,Python
62a35fa0f8f7561645856c35,Male,28,White or Caucasian,United States,Data Analyst,Tech,75500,Python
62a35fc1f8f7561645856c98,Male,24,Asian or Asian American,United States,Student/Looking/None,Healthcare,20000,Python
62a3602318134ddc75ced6b9,Male,34,White or Caucasian,United States,Data Analyst,Other,95500,Other
62a360b8f8f7561645856ec4,Male,23,White or Caucasian,United States,Data Engineer,Tech,95500,Python
62a360dbd8c00e9f541a16cf,Male,32,White or Caucasian,Other,Student/Looking/None,Construction,53000,Other
62a36146f8f7561645856ff7,Male,29,Hispanic or Latino,Other,Data Analyst,Healthcare,20000,R
62a361af0f8c8599d5af6277,Male,34,Black or African American,Other,Data Analyst,Education,20000,Python
62a361cc575fa3a5ae88f908,Male,24,White or Caucasian,United Kingdom,Data Analyst,Finance,75500,Python
62a3620f0f8c8599d5af63a5,Male,30,Other,United States,Other,Tech,75500,Python
62a36251d8c00e9f541a199e,Male,24,Hispanic or Latino,United States,Other,Other,95500,Python
62a36275bc6861bf31771183,Male,27,Other,United States,Data Analyst,Other,53000,Python
62a3636c2e54c9003e536e6b,Male,21,Asian or Asian American,India,Data Analyst,Finance,20000,Python
62a365c2f8d5efcc22f81e2e,Male,31,Black or African American,Other,Data Analyst,Other,20000,Python
62a365d5d8c00e9f541a20cf,Male,41,White or Caucasian,Other,Data Analyst,Telecommunication,20000,R
62a3670b575fa3a5ae890422,Male,25,Asian or Asian American,India,Data Analyst,Tech,20000,Python
62a3676bb4da29969c633ac7,Male,24,Black or African American,Other,Data Analyst,Finance,20000,Other
62a36794b4da29969c633b48,Male,30,Other,Other,Data Analyst,Finance,20000,Python
62a367d224a2626027387b56,Male,33,White or Caucasian,United States,Data Analyst,Finance,187500,Other
62a367ed18134ddc75cee697,Male,23,Hispanic or Latino,United States,Data Analyst,Other,75500,Other
62a36802f8f7561645857e38,Female,33,Asian or Asian American,United Kingdom,Data Analyst,Tech,75500,Python
62a3684ebc6861bf31771f15,Male,25,White or Caucasian,United States,Data Analyst,Finance,115500,Python
62a3688df8f7561645857f7e,Female,27,White or Caucasian,Other,Data Analyst,Other,20000,Python
62a368ee2e54c9003e537e4a,Male,30,White or Caucasian,United Kingdom,Data Analyst,Finance,20000,C/C++
62a369280a77c1a77f661ad0,Male,29,Black or African American,Other,Data Analyst,Tech,20000,Python
62a36969f8f756164585821d,Male,25,Other,India,Other,Healthcare,20000,Python
62a3697ff408bae018ed948b,Male,40,Hispanic or Latino,United States,Data Analyst,Telecommunication,95500,Other
62a36ac6cf255543173063d8,Female,29,Other,Canada,Data Analyst,Other,53000,Other
62a36ad1f408bae018ed9793,Male,29,Asian or Asian American,India,Data Analyst,Other,53000,Python
62a36b6c24a26260273882a2,Male,28,Black or African American,Other,Data Analyst,Education,20000,Python
62a36b862e54c9003e5383c6,Male,34,White or Caucasian,United Kingdom,Other,Other,95500,Other
62a36d12f8d5efcc22f82cd8,Male,24,White or Caucasian,Other,Student/Looking/None,Tech,20000,Python
62a36d3124a262602738862c,Male,26,Other,Other,Data Analyst,Telecommunication,20000,Python
62a36e470a77c1a77f662470,Male,28,Hispanic or Latino,United States,Data Analyst,Tech,137500,Python
62a36e7024a262602738890a,Male,25,White or Caucasian,Other,Student/Looking/None,Education,20000,R
62a36fe67dc029e2d66c5303,Male,33,Hispanic or Latino,Other,Data Analyst,Tech,20000,Python
62a3701f575fa3a5ae89164e,Male,30,White or Caucasian,Other,Data Analyst,Finance,75500,Python
62a370635d257a28a30de5eb,Male,35,Other,India,Data Analyst,Finance,20000,Python
62a37128d8c00e9f541a39dd,Male,25,White or Caucasian,Other,Data Analyst,Other,20000,Other
62a3715124a2626027388f02,Male,23,White or Caucasian,Other,Data Analyst,Real Estate,20000,Python
62a37222cf2555431730732d,Male,24,Hispanic or Latino,Other,Data Engineer,Healthcare,20000,Python
62a373efbc6861bf3177360b,Male,27,Black or African American,United States,Data Analyst,Education,187500,Other
62a3759e5d257a28a30def3a,Male,32,Asian or Asian American,United States,Data Analyst,Other,75500,Python
62a3777624a262602738997e,Male,50,White or Caucasian,Canada,Data Analyst,Tech,53000,Python
62a377987dc029e2d66c638d,Male,29,White or Caucasian,United States,Data Architect,Other,75500,Python
62a377f424a2626027389af3,Male,41,Hispanic or Latino,Other,Data Analyst,Telecommunication,20000,R
62a3784c0f8c8599d5af8fbc,Male,23,White or Caucasian,United States,Other,Other,20000,R
62a37a43d8c00e9f541a4a7c,Male,31,Black or African American,Other,Data Analyst,Finance,20000,Python
62a37a7818134ddc75cf0d4c,Male,22,Native Hawaiian or other Pacific Islander,Other,Data Analyst,Healthcare,20000,Python
62a37aa1cf255543173081e5,Male,29,Hispanic or Latino,United States,Data Analyst,Finance,75500,Python
62a37ad924a2626027389f8a,Male,23,Other,Other,Data Scientist,Tech,20000,Python
62a37b7db4da29969c636123,Female,24,Hispanic or Latino,United States,Student/Looking/None,Other,20000,Other
62a37bab2e54c9003e53a10a,Male,26,Black or African American,United States,Data Analyst,Other,75500,Python
62a37c50cec54911e9cacee2,Male,31,Asian or Asian American,India,Student/Looking/None,Finance,20000,Python
62a37d41bae91e4b8b8369f7,Male,22,Black or African American,Other,Data Analyst,Other,20000,Python
62a37f8db4da29969c6367bf,Male,31,White or Caucasian,Other,Data Analyst,Other,75500,Python
62a37ff3bae91e4b8b836ed0,Male,27,Asian or Asian American,United States,Student/Looking/None,Tech,20000,Python
62a38023575fa3a5ae89339e,Female,25,Asian or Asian American,United States,Student/Looking/None,Other,20000,Python
62a38153cec54911e9cad855,Male,30,Hispanic or Latino,Other,Data Analyst,Healthcare,20000,Python
62a381d024a262602738ab19,Male,28,Hispanic or Latino,United States,Data Analyst,Healthcare,53000,R
62a38227bae91e4b8b837235,Male,26,White or Caucasian,United States,Data Analyst,Finance,137500,Python
62a38489cf25554317309145,Female,32,White or Caucasian,United States,Data Scientist,Other,137500,Python
62a384f0cec54911e9cadd6f,Female,40,White or Caucasian,Other,Data Analyst,Other,20000,Other
62a385480f8c8599d5afa5c6,Male,36,Asian or Asian American,Other,Data Engineer,Other,20000,Python
62a3856218134ddc75cf1ee0,Male,35,Hispanic or Latino,United States,Data Analyst,Finance,75500,Python
62a385c40f8c8599d5afa6cf,Male,29,Asian or Asian American,United States,Data Analyst,Tech,75500,Python
62a385ddbae91e4b8b837855,Female,25,Hispanic or Latino,Other,Data Analyst,Finance,53000,Python
62a385e7b4da29969c6372ab,Male,29,White or Caucasian,United States,Database Developer,Other,53000,Python
62a386dfcec54911e9cae1d3,Male,26,Black or African American,United States,Data Analyst,Agriculture,95500,Python
62a3870bbc6861bf31775841,Male,34,Black or African American,Other,Data Analyst,Other,20000,R
62a38733f8d5efcc22f859fc,Male,26,White or Caucasian,Other,Data Analyst,Finance,20000,Python
62a387e6575fa3a5ae8940a1,Female,22,Asian or Asian American,India,Data Analyst,Tech,20000,Python
62a388d524a262602738b869,Female,24,Black or African American,Other,Student/Looking/None,Construction,20000,Python
62a38975b4da29969c637830,Male,26,Hispanic or Latino,Other,Data Analyst,Other,20000,Python
62a38985f8f756164585b89c,Female,34,White or Caucasian,Other,Data Architect,Finance,20000,Python
62a389b70f8c8599d5afad1a,Male,29,Asian or Asian American,India,Data Analyst,Tech,20000,Python
62a389ed18134ddc75cf24f8,Male,21,Black or African American,Other,Data Scientist,Tech,20000,R
62a38a060a77c1a77f6654b7,Female,35,White or Caucasian,Other,Other,Other,20000,Python
62a38a4d575fa3a5ae8944df,Male,26,Black or African American,United States,Data Analyst,Education,53000,Python
62a38a97cf25554317309af2,Male,28,White or Caucasian,United States,Data Analyst,Other,53000,Python
62a38c120f8c8599d5afb0e9,Female,33,White or Caucasian,United States,Other,Other,53000,Python
62a38c9dbc6861bf317760c4,Female,56,White or Caucasian,United States,Data Analyst,Other,75500,Other
62a38de50f8c8599d5afb3e7,Male,23,Asian or Asian American,India,Other,Other,20000,Python
62a3906224a262602738c58a,Male,28,White or Caucasian,United States,Data Scientist,Healthcare,137500,Python
62a3907cbae91e4b8b838917,Male,21,White or Caucasian,Other,Student/Looking/None,Other,20000,JavaScript
62a390c0d8c00e9f541a6fd7,Male,35,Black or African American,United States,Student/Looking/None,Other,75500,Python
62a390e4f3072dd89262c0cd,Male,29,Asian or Asian American,Other,Data Analyst,Healthcare,53000,Python
62a391cacf2555431730a623,Female,23,Asian or Asian American,United States,Data Analyst,Tech,95500,Python
62a39214f8f756164585c6b6,Male,25,Asian or Asian American,India,Other,Finance,53000,Python
62a39297b4da29969c638679,Male,27,White or Caucasian,United States,Data Engineer,Other,95500,Python
62a393330a77c1a77f6662e4,Male,22,Other,India,Data Analyst,Tech,20000,Python
62a3944024a262602738cb07,Male,22,Asian or Asian American,India,Data Analyst,Other,20000,Python
62a3951ed8c00e9f541a75d1,Male,43,Asian or Asian American,United States,Other,Other,115500,Java
62a3958fcec54911e9caf827,Female,32,Asian or Asian American,United States,Other,Tech,20000,Python
62a3970ebae91e4b8b839495,Female,42,Asian or Asian American,United States,Student/Looking/None,Healthcare,75500,Other
62a3976ecf2555431730af5e,Male,31,Hispanic or Latino,United States,Other,Other,75500,Python
62a397fb5d257a28a30e279a,Male,25,White or Caucasian,United Kingdom,Data Engineer,Other,20000,Python
62a3980c7dc029e2d66c9a81,Female,25,Asian or Asian American,United States,Data Analyst,Agriculture,53000,Other
62a3980e0f8c8599d5afc32c,Male,31,Asian or Asian American,United States,Data Analyst,Other,115500,Other
62a39a340f8c8599d5afc6ce,Male,36,White or Caucasian,Other,Data Scientist,Education,20000,Python
62a39a95bc6861bf3177751d,Female,35,White or Caucasian,Other,Other,Healthcare,53000,Python
62a39b315d257a28a30e2cae,Male,28,White or Caucasian,United States,Data Analyst,Other,75500,R
62a39b6cf408bae018ede929,Male,27,Hispanic or Latino,Other,Data Analyst,Other,20000,Python
62a39bd324a262602738d725,Male,25,Hispanic or Latino,Other,Data Analyst,Other,20000,Python
62a39e03f408bae018eded39,Male,25,White or Caucasian,Other,Data Analyst,Other,20000,Python
62a39e69d8c00e9f541a8358,Male,22,White or Caucasian,United States,Other,Other,53000,R
62a3a0bcf8f756164585daf7,Male,38,White or Caucasian,Other,Data Analyst,Healthcare,53000,Other
62a3a1a62e54c9003e53dc35,Male,27,Black or African American,Other,Data Analyst,Education,20000,Python
62a3a231b4da29969c639b2c,Female,34,Black or African American,Canada,Data Analyst,Other,95500,Other
62a3a3800f8c8599d5afd4db,Female,31,White or Caucasian,United States,Data Analyst,Other,75500,Python
62a3a4fdbae91e4b8b83ab6f,Female,33,Black or African American,Canada,Data Analyst,Tech,53000,Python
62a3a7f50a77c1a77f668221,Male,23,Asian or Asian American,United States,Student/Looking/None,Tech,20000,Python
62a3a90f24a262602738e800,Female,25,Asian or Asian American,United States,Data Analyst,Healthcare,53000,Other
62a3a9dbd8c00e9f541a93eb,Male,29,White or Caucasian,Other,Data Analyst,Tech,20000,Python
62a3aaa3cec54911e9cb1724,Female,29,Black or African American,United States,Other,Healthcare,53000,R
62a3ab320f8c8599d5afdfa8,Male,31,Asian or Asian American,India,Data Analyst,Tech,20000,R
62a3abacd8c00e9f541a96eb,Male,34,Black or African American,Other,Student/Looking/None,Real Estate,20000,R
62a3ac4bf8f756164585ea83,Male,26,Other,Other,Data Analyst,Tech,20000,Python
62a3ad35cec54911e9cb1b5c,Female,26,White or Caucasian,United States,Other,Healthcare,95500,Python
62a3ae69bc6861bf3177900d,Male,27,Black or African American,United States,Other,Other,53000,Other
62a3af26cec54911e9cb1f3a,Male,26,White or Caucasian,United States,Data Analyst,Other,75500,Python
62a3af66f8f756164585eeb8,Female,26,Asian or Asian American,United States,Student/Looking/None,Tech,20000,Python
62a3b135b4da29969c63b1ed,Male,24,White or Caucasian,United States,Data Analyst,Finance,53000,R
62a3b255d8c00e9f541a9fd5,Female,28,Other,Other,Data Analyst,Other,95500,Python
62a3b314f408bae018ee0938,Male,29,White or Caucasian,United States,Data Analyst,Other,115500,R
62a3b3f6bc6861bf3177973b,Female,26,Asian or Asian American,United States,Data Analyst,Finance,75500,Python
62a3ba4dbc6861bf31779f24,Male,28,White or Caucasian,United Kingdom,Data Analyst,Other,53000,Python
62a3baa624a262602738ff27,Male,25,White or Caucasian,Other,Data Analyst,Finance,20000,Python
62a3bc00d8c00e9f541aad66,Female,26,Asian or Asian American,United States,Data Analyst,Finance,75500,R
62a3bf1b0a77c1a77f66a347,Female,38,White or Caucasian,United States,Data Engineer,Healthcare,137500,Python
62a3c021f8f756164586043f,Female,20,Black or African American,Other,Other,Other,20000,Other
62a3c1b1bc6861bf3177aa8c,Female,45,Black or African American,United States,Data Analyst,Education,75500,Other
62a3c30324a26260273909b9,Male,27,Other,Canada,Data Analyst,Other,95500,Python
62a3c476bc6861bf3177ad9d,Male,28,Asian or Asian American,Canada,Data Analyst,Other,53000,Python
62a3c5f2cec54911e9cb3d9b,Female,29,Other,Other,Student/Looking/None,Other,20000,R
62a3c7f1bc6861bf3177b06e,Female,43,Asian or Asian American,Other,Other,Tech,53000,C/C++
62a3c8652e54c9003e54103e,Male,26,Black or African American,Other,Data Analyst,Finance,20000,Python
62a3ca44bae91e4b8b83dcd4,Female,47,Black or African American,United States,Student/Looking/None,Tech,53000,Other
62a3cafff8d5efcc22f8b5cb,Male,23,Black or African American,Other,Student/Looking/None,Finance,20000,Python
62a3cbfef8d5efcc22f8b6f1,Male,25,Other,Other,Data Analyst,Tech,20000,Python
62a3cde8f8f7561645861366,Male,32,White or Caucasian,Other,Other,Finance,20000,Python
62a3cfed0f8c8599d5b00b12,Female,25,White or Caucasian,United States,Data Analyst,Finance,20000,Python
62a3d21ef3072dd8926314d1,Female,29,Hispanic or Latino,Other,Data Analyst,Finance,20000,Python
62a3d37c0a77c1a77f66bc0e,Female,33,Asian or Asian American,United States,Data Analyst,Healthcare,53000,Other
62a3d8dbf8f7561645861f9d,Male,36,Asian or Asian American,United States,Data Analyst,Education,115500,Python
62a3d9697dc029e2d66cf087,Male,25,White or Caucasian,United States,Data Analyst,Healthcare,53000,Python
62a3dac9f3072dd892631e12,Male,38,White or Caucasian,United States,Data Scientist,Other,187500,Python
62a3dc3ab4da29969c63e3d7,Male,30,Other,United States,Data Analyst,Other,75500,R
62a3e2abf8f75616458628d1,Male,35,Black or African American,United States,Data Analyst,Tech,53000,Python
62a3e32bd8c00e9f541ad5f0,Female,42,White or Caucasian,United States,Other,Education,53000,Other
62a3ecf7bc6861bf3177d5c2,Male,30,White or Caucasian,United States,Data Analyst,Healthcare,75500,Python
62a3eea9bae91e4b8b8401a4,Female,25,Black or African American,Other,Student/Looking/None,Other,20000,Python
62a3f39df8d5efcc22f8ddc2,Female,28,Asian or Asian American,United States,Data Analyst,Healthcare,95500,Python
62a3f6a25d257a28a30e9d02,Male,28,Asian or Asian American,Canada,Data Analyst,Other,20000,Python
62a3f6d9bae91e4b8b8408ca,Male,20,Asian or Asian American,Other,Student/Looking/None,Other,20000,Other
62a3fc7c7dc029e2d66d10e8,Male,33,Hispanic or Latino,United States,Data Analyst,Construction,115500,Other
62a3fe0d5d257a28a30ea3c8,Male,23,White or Caucasian,United States,Data Analyst,Tech,75500,Python
62a3fea50a77c1a77f66e41b,Female,35,Hispanic or Latino,Other,Data Analyst,Healthcare,20000,R
62a40276bc6861bf3177e6fd,Male,22,Asian or Asian American,India,Student/Looking/None,Other,20000,Python
62a403bbf8d5efcc22f8eb18,Male,33,Asian or Asian American,India,Data Analyst,Tech,20000,Python
62a403d30f8c8599d5b03d65,Male,22,White or Caucasian,United States,Data Engineer,Real Estate,20000,Python
62a4044acf25554317312a81,Male,35,White or Caucasian,United States,Data Analyst,Other,95500,R
62a4061bf408bae018ee5deb,Female,37,White or Caucasian,United States,Data Analyst,Agriculture,75500,Other
62a40726575fa3a5ae89d990,Male,22,Other,United States,Student/Looking/None,Finance,20000,Python
62a4098124a2626027394ddc,Male,36,White or Caucasian,United States,Data Analyst,Healthcare,75500,Python
62a40c99575fa3a5ae89de4b,Male,26,Hispanic or Latino,India,Data Scientist,Other,95500,Python
62a40d86d8c00e9f541afb5e,Female,25,Asian or Asian American,Other,Data Analyst,Other,20000,R
62a40da3cf255543173132e2,Female,34,White or Caucasian,United States,Data Analyst,Other,53000,R
62a40dfa5d257a28a30eb110,Male,33,Hispanic or Latino,Other,Data Analyst,Other,20000,Python
62a410b5cec54911e9cb8262,Male,37,White or Caucasian,United States,Student/Looking/None,Other,53000,Python
62a41135bc6861bf3177f3d8,Female,54,White or Caucasian,United States,Data Analyst,Other,75500,Python
62a41795cec54911e9cb8854,Male,26,Asian or Asian American,India,Data Analyst,Finance,20000,Python
62a41964d8c00e9f541b061d,Female,27,Hispanic or Latino,United States,Data Analyst,Education,53000,R
62a41968f8d5efcc22f8fd44,Male,24,White or Caucasian,United Kingdom,Database Developer,Telecommunication,20000,Other
62a41e23bc6861bf3177fffb,Male,24,White or Caucasian,Other,Data Analyst,Finance,20000,Python
62a421cebc6861bf317803f5,Male,27,White or Caucasian,Other,Other,Other,20000,Python
62a42243f8d5efcc22f90c55,Male,25,Asian or Asian American,Other,Student/Looking/None,Other,20000,Python
62a424ccd8c00e9f541b114e,Female,28,Black or African American,United Kingdom,Data Analyst,Tech,20000,Python
62a42527b4da29969c6423f7,Male,21,Asian or Asian American,United States,Other,Education,53000,Python
62a425ec2e54c9003e5467bf,Female,28,White or Caucasian,United States,Data Analyst,Healthcare,95500,Other
62a427190a77c1a77f67095c,Male,30,Black or African American,Other,Data Analyst,Tech,20000,Python
62a429f0f3072dd892636396,Male,24,Black or African American,Other,Data Analyst,Education,20000,Python
62a42d6ef8d5efcc22f9178a,Male,26,Other,India,Data Analyst,Healthcare,20000,Python
62a436fd24a2626027397c93,Female,19,Asian or Asian American,Other,Data Analyst,Tech,20000,Python
62a43e86f408bae018ee913a,Female,92,Asian or Asian American,India,Student/Looking/None,Other,20000,Python
62a43ed4f8d5efcc22f92d0a,Male,28,Black or African American,Other,Data Analyst,Healthcare,20000,Python
62a43f43f408bae018ee9281,Female,24,Asian or Asian American,India,Student/Looking/None,Education,20000,Python
62a440ab575fa3a5ae8a1418,Male,25,Asian or Asian American,United States,Other,Healthcare,53000,Python
62a441e3575fa3a5ae8a1552,Male,42,Black or African American,United Kingdom,Data Analyst,Finance,53000,Python
62a446faf8f7561645868c60,Male,21,Asian or Asian American,India,Data Analyst,Tech,20000,Python
62a448832e54c9003e5491c5,Male,24,White or Caucasian,United States,Data Analyst,Healthcare,75500,Python
62a44ae2f8f7561645869335,Female,26,White or Caucasian,United States,Data Analyst,Healthcare,53000,Python
62a44bc7bc6861bf31783829,Male,30,White or Caucasian,United Kingdom,Data Analyst,Other,20000,Python
62a44ea3f408bae018eea62a,Male,27,Black or African American,United States,Data Engineer,Other,95500,Other
62a4514ff408bae018eea94d,Male,28,Asian or Asian American,India,Data Engineer,Tech,20000,Python
62a45a140a77c1a77f67469d,Female,29,White or Caucasian,United Kingdom,Data Analyst,Real Estate,75500,Other
62a45c8bf3072dd89263a493,Female,26,Asian or Asian American,India,Data Analyst,Other,20000,Python
62a45f8c0f8c8599d5b09d40,Male,29,Black or African American,Other,Data Engineer,Finance,20000,Python
62a4604d0a77c1a77f674e29,Male,60,White or Caucasian,United Kingdom,Other,Finance,75500,Other
62a46a66f8d5efcc22f95a7a,Male,25,Black or African American,Other,Data Analyst,Healthcare,20000,Python
62a46ad7d8c00e9f541b664a,Female,37,Other,Other,Other,Construction,20000,R
62a46dbecf25554317319e48,Female,30,Asian or Asian American,Canada,Data Analyst,Finance,75500,Python
62a475dcf408bae018eed15c,Female,27,Black or African American,Other,Data Analyst,Healthcare,20000,Python
62a477f0b4da29969c64892f,Male,31,White or Caucasian,United States,Data Scientist,Tech,,R
62a47947cec54911e9cbf6b2,Male,24,Asian or Asian American,United Kingdom,Student/Looking/None,Other,20000,R
62a47c587dc029e2d66d9782,Female,20,Black or African American,United States,Data Analyst,Finance,20000,Other
62a47e3ef3072dd89263c8c0,Male,24,Asian or Asian American,India,Other,Tech,20000,R
62a47e812e54c9003e54d789,Male,24,White or Caucasian,Other,Student/Looking/None,Other,20000,R
62a47ea87dc029e2d66d9b60,Male,41,Hispanic or Latino,Other,Student/Looking/None,Other,20000,R
62a47f1e0a77c1a77f677174,Male,41,White or Caucasian,United States,Data Analyst,Tech,95500,R
62a48566b4da29969c64995a,Male,43,White or Caucasian,United States,Other,Other,187500,Python
62a48612d8c00e9f541b86b8,Female,38,White or Caucasian,United States,Data Analyst,Healthcare,75500,Python
62a487167dc029e2d66da73e,Female,28,Asian or Asian American,Other,Data Analyst,Other,20000,Python
62a488197dc029e2d66da8a1,Female,31,Hispanic or Latino,Other,Data Analyst,Healthcare,95500,Python
62a48c4c24a262602739e141,Female,28,White or Caucasian,United States,Data Analyst,Other,95500,Other
62a48cbdf408bae018eeeccf,Male,23,Asian or Asian American,United States,Data Analyst,Healthcare,53000,C/C++
62a48d4df8d5efcc22f98308,Male,25,Black or African American,United Kingdom,Data Analyst,Other,53000,Python
62a48d562e54c9003e54ea2b,Male,26,White or Caucasian,Other,Other,Tech,20000,R
62a48da6b4da29969c64a3a5,Male,35,White or Caucasian,United States,Data Scientist,Finance,137500,Python
62a49012f408bae018eef16d,Male,30,White or Caucasian,Other,Data Analyst,Other,115500,R
62a491b3b4da29969c64a89e,Male,35,White or Caucasian,United Kingdom,Data Analyst,Tech,95500,R
62a4926ef408bae018eef4ee,Male,28,Hispanic or Latino,Other,Data Analyst,Telecommunication,20000,Python
62a495d724a262602739ee07,Female,24,Black or African American,Other,Student/Looking/None,Tech,20000,Python
62a49b3cb4da29969c64b5dc,Female,34,White or Caucasian,United States,Data Analyst,Tech,53000,Python
62a49e087dc029e2d66dc57e,Female,31,White or Caucasian,Other,Data Analyst,Tech,53000,Python
62a49e47b4da29969c64b9f9,Male,30,Asian or Asian American,United Kingdom,Data Analyst,Tech,20000,Python
62a49e5f24a262602739f9af,Male,40,White or Caucasian,United Kingdom,Data Engineer,Other,95500,JavaScript
62a49fe7b4da29969c64bbe1,Male,26,Hispanic or Latino,United States,Data Analyst,Other,53000,R
62a4a3d4f8d5efcc22f9a051,Male,25,White or Caucasian,United States,Data Analyst,Healthcare,137500,R
62a4a8cb0a77c1a77f67a405,Male,45,White or Caucasian,Other,Data Analyst,Other,20000,Other
62a4abb30f8c8599d5b0fc24,Male,26,Black or African American,United States,Data Analyst,Finance,53000,R
62a4afd87dc029e2d66ddb24,Male,26,Other,India,Data Scientist,Finance,20000,Python
62a4b085cec54911e9cc3afe,Male,23,Asian or Asian American,India,Other,Finance,20000,Python
62a4b23f5d257a28a30f6b8c,Male,25,Asian or Asian American,India,Data Engineer,Tech,115500,Python
62a4b29a5d257a28a30f6c63,Female,33,White or Caucasian,United States,Data Analyst,Healthcare,53000,R
62a4b2e5f8f75616458712af,Male,33,Asian or Asian American,India,Other,Other,20000,Other
62a4b6c30a77c1a77f67b54c,Male,27,White or Caucasian,United States,Data Analyst,Healthcare,95500,R
62a4bf07b4da29969c64e4f8,Female,28,Hispanic or Latino,United States,Data Analyst,Tech,115500,Python
62a4bf3a0a77c1a77f67bef2,Male,32,Hispanic or Latino,United States,Data Analyst,Tech,75500,Python
62a4c49a575fa3a5ae8aadf4,Male,35,Asian or Asian American,India,Data Analyst,Tech,20000,Python
62a4c57af3072dd8926421ac,Male,34,Hispanic or Latino,United States,Data Analyst,Real Estate,95500,Python
62a4c6060a77c1a77f67c772,Male,27,White or Caucasian,Other,Data Analyst,Other,53000,Python
62a4c7d0f8f7561645872912,Female,30,White or Caucasian,United States,Other,Education,75500,R
62a4cdfad8c00e9f541bdc6b,Male,34,White or Caucasian,United States,Data Analyst,Other,75500,Python
62a4ce2bbae91e4b8b84f3db,Female,22,White or Caucasian,United States,Other,Other,53000,Python
62a4cffeb4da29969c64f6a1,Female,33,Asian or Asian American,India,Data Analyst,Finance,20000,Python
62a4d08bf3072dd892642d2c,Female,26,Asian or Asian American,India,Data Analyst,Finance,20000,Python
62a4d13bbae91e4b8b84f89b,Male,28,Hispanic or Latino,Other,Data Engineer,Tech,20000,Python
62a4d74c5d257a28a30f97fc,Male,42,Other,United Kingdom,Other,Other,20000,Python
62a4d7f6bae91e4b8b84ffed,Male,30,Other,Other,Data Analyst,Other,20000,R
62a4d9d4bae91e4b8b8501f1,Male,25,White or Caucasian,United States,Data Scientist,Tech,115500,Other
62a4dd63f408bae018ef4e51,Male,32,Black or African American,United States,Data Analyst,Construction,53000,Python
62a4e34d7dc029e2d66e10b9,Male,31,Asian or Asian American,Other,Data Analyst,Tech,20000,Python
62a4e4c90f8c8599d5b13d8f,Male,30,White or Caucasian,Other,Data Analyst,Education,187500,Python
62a4e5aed8c00e9f541bf48c,Male,23,Asian or Asian American,Canada,Student/Looking/None,Other,20000,Python
62a4f6eef3072dd892645775,Female,31,White or Caucasian,United Kingdom,Other,Education,75500,R
62a4fe370f8c8599d5b158c4,Female,29,Black or African American,Other,Data Analyst,Other,53000,Python
62a5008c5d257a28a30fbde5,Male,24,Other,Other,Data Analyst,Tech,20000,Python
62a5038acec54911e9cc9526,Male,36,Asian or Asian American,United States,Other,Other,53000,Python
62a50775f8f756164587677b,Female,32,White or Caucasian,United States,Data Analyst,Real Estate,53000,R
62a50eddf8d5efcc22fa1a4e,Female,36,White or Caucasian,United States,Other,Healthcare,95500,Python
62a511acbc6861bf3179178a,Male,30,White or Caucasian,United States,Data Engineer,Healthcare,115500,Other
62a5177d18134ddc75d0e9d8,Male,42,Black or African American,Other,Student/Looking/None,Other,20000,R
62a51aaacec54911e9cca93b,Male,53,White or Caucasian,Other,Data Analyst,Healthcare,95500,Other
62a51dc6575fa3a5ae8b09f3,Male,25,Other,Other,Data Analyst,Finance,20000,Python
62a51fe0575fa3a5ae8b0c06,Male,23,White or Caucasian,Other,Data Analyst,Healthcare,20000,Python
62a525aff8f75616458784dd,Male,36,Other,Other,Data Analyst,Agriculture,20000,Python
62a52629b4da29969c654a94,Male,32,Other,Other,Data Analyst,Healthcare,53000,Other
62a52725d8c00e9f541c3b4a,Male,25,Hispanic or Latino,United States,Data Analyst,Finance,95500,Python
62a5390cb4da29969c655ccc,Female,35,Asian or Asian American,United Kingdom,Data Engineer,Tech,53000,Python
62a53bc0bc6861bf31793947,Male,26,White or Caucasian,United States,Data Analyst,Other,75500,R
62a53c84f3072dd8926495c9,Male,22,White or Caucasian,United States,Student/Looking/None,Tech,20000,Python
62a54bccf3072dd89264a13b,Male,30,Asian or Asian American,Canada,Data Scientist,Other,95500,Python
62a54f20d8c00e9f541c5cfa,Male,36,White or Caucasian,United States,Data Analyst,Other,75500,Python
62a552e1cf2555431732922d,Female,30,White or Caucasian,United States,Data Analyst,Healthcare,75500,R
62a557d10f8c8599d5b1a81c,Male,29,Asian or Asian American,United States,Data Scientist,Finance,115500,Python
62a55b05f8d5efcc22fa5b65,Male,30,White or Caucasian,United States,Other,Other,75500,R
62a55fe1f8d5efcc22fa5fe4,Male,24,Black or African American,United States,Data Engineer,Finance,53000,Python
62a56bc67dc029e2d66e86c0,Male,33,Asian or Asian American,United States,Data Engineer,Tech,,Other
62a57116f408bae018efd56a,Female,42,White or Caucasian,United States,Data Analyst,Other,115500,Python
62a57263cec54911e9ccf648,Female,36,White or Caucasian,United States,Data Analyst,Healthcare,53000,Python
62a574b3b4da29969c658eb4,Male,27,White or Caucasian,United States,Data Analyst,Other,53000,Python
62a58b267dc029e2d66ea3f8,Female,21,Asian or Asian American,India,Data Analyst,Tech,20000,Python
62a58d20575fa3a5ae8b6969,Female,34,White or Caucasian,Other,Data Analyst,Healthcare,53000,Python
62a58faf2e54c9003e55ef2e,Male,27,White or Caucasian,Other,Student/Looking/None,Education,20000,Python
62a5998fbc6861bf31798ef0,Male,27,White or Caucasian,Other,Other,Tech,20000,Python
62a59cd2cec54911e9cd251a,Male,30,Other,Other,Student/Looking/None,Education,20000,R
62a59d007dc029e2d66eb8f9,Female,33,White or Caucasian,United States,Data Analyst,Other,75500,Other
62a5a124cec54911e9cd29f5,Male,47,American Indian or Alaska Native,India,Data Analyst,Finance,95500,Python
62a5a44b24a26260273af0fc,Male,27,Asian or Asian American,United States,Data Analyst,Other,75500,Other
62a5a931cec54911e9cd3333,Male,26,Asian or Asian American,India,Data Analyst,Healthcare,20000,Python
62a5bea05d257a28a3106f7e,Female,35,Asian or Asian American,India,Data Analyst,Finance,20000,Python
62a5c571575fa3a5ae8baaa1,Male,31,Hispanic or Latino,United States,Data Analyst,Education,95500,Python
62a5cb12cf25554317330d69,Male,25,Black or African American,Other,Data Analyst,Education,20000,Python
62a5cba2575fa3a5ae8bb122,Male,27,White or Caucasian,United States,Data Engineer,Real Estate,75500,Python
62a5d350f3072dd892652c70,Male,32,White or Caucasian,Other,Data Analyst,Tech,53000,Python
62a5db29cf2555431733248f,Male,47,White or Caucasian,Other,Student/Looking/None,Real Estate,20000,Python
62a5e69f24a26260273b42bf,Female,30,Asian or Asian American,United States,Other,Finance,75500,Python
62a5ea667dc029e2d66f153d,Female,35,Black or African American,United States,Data Analyst,Other,115500,Python
62a5ebe05d257a28a310ac53,Male,25,Hispanic or Latino,United States,Data Analyst,Finance,53000,Python
62a5edb2575fa3a5ae8bdba5,Male,27,White or Caucasian,United States,Other,Other,75500,Python
62a5edba0a77c1a77f68f1b5,Female,27,Black or African American,United States,Data Analyst,Healthcare,53000,R
62a5f332bc6861bf3179f631,Female,23,Asian or Asian American,India,Student/Looking/None,Other,20000,Python
62a5f872bae91e4b8b861e53,Male,18,White or Caucasian,United States,Data Scientist,Other,53000,Python
62a609b8f8f75616458875b7,Female,28,Hispanic or Latino,Other,Data Analyst,Healthcare,20000,Python
62a609c4bc6861bf317a10a3,Male,28,White or Caucasian,United States,Other,Healthcare,137500,Python
62a61076f8f7561645887ded,Female,26,American Indian or Alaska Native,United States,Student/Looking/None,Other,20000,Python
62a615fd18134ddc75d1f1fa,Male,27,Black or African American,Other,Student/Looking/None,Education,20000,Python
62a617c30a77c1a77f6925fc,Female,22,Asian or Asian American,India,Data Analyst,Tech,53000,Python
62a618a9d8c00e9f541d3537,Male,27,White or Caucasian,United States,Data Analyst,Tech,20000,R
62a61eb02e54c9003e5697f7,Male,28,Asian or Asian American,India,Data Engineer,Other,20000,Python
62a6246df3072dd892659218,Male,25,Black or African American,Other,Data Analyst,Tech,20000,Python
62a62a7124a26260273b94fa,Male,32,Hispanic or Latino,United Kingdom,Data Analyst,Healthcare,20000,Python
62a631782e54c9003e56ac36,Male,33,White or Caucasian,Other,Student/Looking/None,Finance,20000,Other
62a633b4d8c00e9f541d54a4,Male,23,Black or African American,Canada,Data Analyst,Other,53000,Python
62a639e05d257a28a3110ef5,Female,40,Black or African American,Other,Student/Looking/None,Finance,20000,R
62a642690f8c8599d5b2ab37,Female,28,Asian or Asian American,United Kingdom,Data Analyst,Other,53000,Python
62a64b4dd8c00e9f541d6d81,Male,26,Black or African American,Other,Data Analyst,Real Estate,20000,R
62a64c6ecf2555431733a7a4,Female,24,Asian or Asian American,India,Other,Tech,20000,Python
62a654165d257a28a3112ac9,Female,40,Other,United States,Other,Finance,95500,Python
62a65618d8c00e9f541d783a,Male,26,Black or African American,United States,Data Analyst,Other,75500,Python
62a65db824a26260273bc9ff,Female,44,White or Caucasian,United Kingdom,Data Scientist,Other,53000,Python
62a66558cf2555431733c0f9,Male,36,White or Caucasian,United States,Other,Other,75500,Python
62a6772c18134ddc75d25895,Male,30,Hispanic or Latino,Other,Other,Other,20000,Python
62a68f1e0a77c1a77f69a381,Male,48,Other,Other,Other,Other,20000,Python
62a6a11a0a77c1a77f69b7cb,Female,30,Asian or Asian American,Canada,Data Analyst,Construction,53000,Other
62a6ac1524a26260273c1cd0,Male,28,Other,India,Other,Telecommunication,20000,Python
62a6b0790a77c1a77f69cb15,Male,25,Other,India,Other,Tech,20000,Python
62a6bc6a18134ddc75d2a726,Male,24,American Indian or Alaska Native,United States,Other,Tech,115500,Other
62a6c3d9cec54911e9ce7669,Male,31,Black or African American,United States,Data Analyst,Other,53000,Python
62a6d037cec54911e9ce862a,Male,23,Other,United Kingdom,Data Engineer,Real Estate,20000,Python
62a6d2532e54c9003e575d9c,Female,48,White or Caucasian,United Kingdom,Data Analyst,Other,53000,Other
62a6dbcad8c00e9f541e1050,Male,28,Black or African American,United States,Data Analyst,Healthcare,75500,Python
62a6e2815d257a28a311c8f9,Male,32,Hispanic or Latino,United Kingdom,Data Analyst,Other,53000,Python
62a6ea03d8c00e9f541e3594,Male,30,Asian or Asian American,Other,Data Scientist,Finance,53000,Python
62a7029ff8f7561645899bae,Male,32,White or Caucasian,Other,Data Analyst,Other,20000,Python
62a7047c24a26260273c9646,Female,30,Other,Other,Data Analyst,Tech,20000,Python
62a70b55cec54911e9cedd98,Female,35,White or Caucasian,Other,Data Analyst,Other,20000,Python
62a71930bae91e4b8b878b2b,Female,38,Black or African American,United Kingdom,Student/Looking/None,Tech,20000,R
62a73a37f8d5efcc22fcb724,Female,30,Asian or Asian American,United States,Other,Other,75500,Python
62a73aa824a26260273d0172,Male,48,White or Caucasian,United States,Data Analyst,Tech,53000,Python
62a73c5b0a77c1a77f6aba65,Male,32,Asian or Asian American,Canada,Data Analyst,Finance,75500,Other
62a749ebd8c00e9f541efa36,Male,27,American Indian or Alaska Native,India,Other,Telecommunication,53000,Python
62a74e28b4da29969c681108,Male,27,White or Caucasian,United Kingdom,Other,Tech,53000,Python
62a758185d257a28a312bc94,Male,24,Other,Other,Student/Looking/None,Finance,20000,Python
62a75a5418134ddc75d3d2f1,Male,42,Asian or Asian American,United States,Data Scientist,Finance,187500,R
62a75ed0f8f75616458a5d1a,Male,24,Hispanic or Latino,United States,Other,Tech,53000,Python
62a75f1b575fa3a5ae8e0010,Male,23,Asian or Asian American,India,Database Developer,Tech,20000,Python
62a764ffd8c00e9f541f3cc3,Male,26,Asian or Asian American,India,Data Analyst,Tech,20000,Python
62a76c962e54c9003e588661,Male,32,Black or African American,Other,Data Analyst,Other,53000,Other
62a772da575fa3a5ae8e2a4a,Male,35,White or Caucasian,Other,Other,Telecommunication,20000,Python
62a7738a2e54c9003e589598,Male,41,White or Caucasian,United States,Data Analyst,Healthcare,115500,Python
62a77967f8d5efcc22fd4c81,Male,25,White or Caucasian,United States,Other,Education,53000,Python
62a77a37f8d5efcc22fd4e47,Female,28,Asian or Asian American,United States,Data Analyst,Construction,20000,Python
62a77cb7b4da29969c68743a,Male,29,White or Caucasian,United States,Data Analyst,Agriculture,53000,Python
62a78743f8f75616458ab6bb,Male,19,White or Caucasian,United States,Student/Looking/None,Telecommunication,20000,Python
62a789015d257a28a3132977,Male,27,Asian or Asian American,India,Data Analyst,Other,53000,Python
62a78f3bf408bae018f2ef51,Male,25,White or Caucasian,Other,Student/Looking/None,Finance,20000,Python
62a7988bbae91e4b8b88b8ee,Female,26,Asian or Asian American,Canada,Data Analyst,Other,53000,Python
62a79c9c2e54c9003e58f0d5,Male,25,White or Caucasian,Other,Data Analyst,Healthcare,20000,Python
62a7b0ae0f8c8599d5b51cd0,Male,25,White or Caucasian,Other,Data Analyst,Other,20000,Python
62a7b283f8d5efcc22fdc189,Male,26,Black or African American,Other,Data Analyst,Healthcare,20000,R
62a7b296f8d5efcc22fdc1ef,Male,35,White or Caucasian,United States,Data Analyst,Education,137500,Python
62a7bd0e5d257a28a313855c,Male,29,Black or African American,United States,Data Analyst,Other,95500,Python
62a7be5e5d257a28a313876a,Female,41,Hispanic or Latino,United States,Data Analyst,Tech,95500,Python
62a7ce44575fa3a5ae8ece5f,Female,22,Hispanic or Latino,United States,Student/Looking/None,Education,20000,Python
62a7e1380f8c8599d5b55fcf,Male,35,Hispanic or Latino,United States,Data Analyst,Healthcare,75500,Other
62a7e2d024a26260273e4448,Male,30,Asian or Asian American,Other,Data Analyst,Finance,75500,Python
62a7ed9c0f8c8599d5b57132,Male,37,Asian or Asian American,Canada,Data Engineer,Real Estate,187500,Python
62a7f09a0f8c8599d5b57526,Female,28,Black or African American,United States,Data Analyst,Other,75500,Python
62a7fb02f8d5efcc22fe2486,Male,23,White or Caucasian,United States,Data Analyst,Real Estate,95500,Python
62a816907dc029e2d6725a33,Male,26,Asian or Asian American,United States,Student/Looking/None,Finance,20000,Python
62a84764bc6861bf317d7b86,Male,25,Native Hawaiian or other Pacific Islander,Other,Data Analyst,Other,75500,Python
62a84f9af408bae018f41e34,Male,23,Asian or Asian American,India,Data Analyst,Tech,20000,Python
62a85803f8d5efcc22fea92f,Male,53,Black or African American,Other,Student/Looking/None,Other,20000,Other
62a8592f7dc029e2d672c0a8,Female,33,White or Caucasian,Other,Data Engineer,Tech,20000,Python
62a8643bcec54911e9d14297,Male,39,Black or African American,Other,Student/Looking/None,Finance,20000,R
62a8665c5d257a28a31474f7,Female,22,White or Caucasian,United Kingdom,Data Analyst,Healthcare,20000,Other
62a868c5cf2555431737094b,Male,24,White or Caucasian,Other,Data Analyst,Finance,53000,Python
62a88e9ff8d5efcc22ff1eb6,Male,31,White or Caucasian,Canada,Data Architect,Other,95500,Python
62a89e365d257a28a314fd36,Male,25,Asian or Asian American,Other,Data Analyst,Other,20000,Python
62a8b6ffbae91e4b8b8aa5c2,Male,25,Asian or Asian American,India,Student/Looking/None,Tech,20000,R
62a8bf9e575fa3a5ae907617,Male,23,Asian or Asian American,India,Data Analyst,Tech,20000,Python
62a8cd29bc6861bf317ea9a2,Male,23,Asian or Asian American,India,Other,Other,53000,Other
62a8f477f408bae018f5869d,Male,40,White or Caucasian,United States,Data Analyst,Healthcare,95500,Python
62a8fcf5cf25554317384604,Male,29,Hispanic or Latino,United States,Data Analyst,Other,53000,C/C++
62a8fe9abc6861bf317f0c01,Male,28,Other,India,Data Analyst,Tech,20000,Python
62a9024d18134ddc75d6e76d,Female,28,Black or African American,United Kingdom,Data Analyst,Healthcare,20000,R
62a95253bae91e4b8b8b91d9,Female,26,Asian or Asian American,India,Student/Looking/None,Telecommunication,20000,Python
62a960567dc029e2d6749dd8,Male,30,White or Caucasian,Other,Data Engineer,Construction,53000,Python
62a9612bf8d5efcc22007c09,Male,27,Asian or Asian American,Other,Data Analyst,Education,75500,Other
62a962380f8c8599d5b7e3fb,Male,28,Black or African American,Other,Data Analyst,Other,20000,Other
62a993537dc029e2d674e9b5,Female,38,Black or African American,Other,Data Analyst,Education,75500,Python
62a9bb81bc6861bf3180079c,Male,22,White or Caucasian,Other,Data Analyst,Finance,20000,Python
62a9c880f408bae018f6aa1b,Male,34,Hispanic or Latino,United States,Data Analyst,Other,95500,Python
62a9e206f3072dd8926bce70,Male,26,Asian or Asian American,Other,Data Analyst,Tech,20000,Python
62a9f0172e54c9003e5cdc25,Female,26,Asian or Asian American,Canada,Data Analyst,Tech,75500,Python
62a9f8a4cf2555431739d694,Male,25,Other,Other,Data Engineer,Education,75500,Python
62aa121dcec54911e9d446cc,Male,34,Black or African American,United States,Data Scientist,Tech,137500,Python
62aa1734f3072dd8926c4168,Female,32,Hispanic or Latino,Other,Other,Finance,53000,Other
62aa21e218134ddc75d8be11,Male,24,Black or African American,United States,Student/Looking/None,Construction,20000,R
62aa29852e54c9003e5d50b5,Male,26,Hispanic or Latino,Other,Data Engineer,Tech,20000,Python
62aa2f44bc6861bf3180fd06,Female,32,Black or African American,Other,Data Analyst,Telecommunication,53000,Other
62aa3454bae91e4b8b8d3249,Male,40,White or Caucasian,Other,Data Scientist,Tech,53000,R
62aa34e8f3072dd8926c7d56,Male,27,Black or African American,United States,Data Analyst,Other,20000,Python
62aa356ff8d5efcc22020832,Male,28,Black or African American,United States,Data Analyst,Tech,75500,R
62aa3e6824a26260274264da,Male,30,Other,Other,Data Analyst,Other,20000,Python
62aa4790f8d5efcc2202266e,Male,37,White or Caucasian,United States,Data Analyst,Other,20000,Python
62aa5761bc6861bf318141fc,Male,32,Asian or Asian American,Other,Other,Tech,53000,JavaScript
62aa5c11f408bae018f7dec0,Male,24,Other,Other,Data Analyst,Tech,53000,Python
62aa956ef8d5efcc22028e3d,Male,39,White or Caucasian,Other,Data Analyst,Tech,20000,Python
62aa95970a77c1a77f709268,Male,34,Asian or Asian American,Other,Data Analyst,Finance,137500,Python
62aa98bfcf255543173adbdc,Male,27,Black or African American,United States,Data Analyst,Other,53000,Python
62aaa387f8d5efcc22029fcb,Male,54,White or Caucasian,United States,Data Analyst,Healthcare,75500,Other
62aaa86bbae91e4b8b8dc832,Female,20,Asian or Asian American,India,Student/Looking/None,Tech,20000,Python
62aacd922e54c9003e5e33c2,Male,25,Asian or Asian American,India,Student/Looking/None,Finance,20000,Other
62aaeecd0f8c8599d5ba6923,Male,33,Asian or Asian American,India,Student/Looking/None,Tech,20000,Python
62aaf8397dc029e2d6773cde,Male,30,White or Caucasian,United Kingdom,Data Analyst,Tech,53000,Python
62aaff342e54c9003e5e79b8,Male,31,Black or African American,Other,Student/Looking/None,Tech,20000,Python
62ab0bdc575fa3a5ae9413e5,Male,22,Other,Other,Student/Looking/None,Other,20000,Python
62ab1cb0cec54911e9d5d187,Female,38,Black or African American,United States,Data Analyst,Tech,75500,R
62ab3e62bae91e4b8b8ebe14,Male,22,Other,Other,Data Analyst,Other,20000,Python
62ab6ab318134ddc75dabb09,Male,33,Asian or Asian American,India,Data Scientist,Real Estate,20000,Python
62ab83a7d8c00e9f54263d2e,Male,27,White or Caucasian,Canada,Data Analyst,Tech,53000,Python
62ab8bf65d257a28a319e9cb,Male,19,White or Caucasian,Other,Data Analyst,Tech,20000,R
62abec6cf3072dd8926f2ad0,Male,24,Other,India,Other,Other,20000,Python
62abee280f8c8599d5bc246d,Female,58,White or Caucasian,United States,Other,Finance,187500,Other
62acc1f0cf255543173e59f7,Male,22,Black or African American,Other,Data Analyst,Tech,20000,Python
62ace61d575fa3a5ae972d57,Male,26,Asian or Asian American,Other,Data Analyst,Tech,95500,Python
62acf0890f8c8599d5bdce87,Female,31,White or Caucasian,United Kingdom,Other,Tech,53000,Other
62ad591424a2626027471080,Male,23,Hispanic or Latino,United States,Data Analyst,Agriculture,53000,Python
62ade22318134ddc75de385f,Female,31,Asian or Asian American,United States,Data Analyst,Healthcare,95500,Python
62adf26f18134ddc75de4bb4,Female,24,Asian or Asian American,United States,Student/Looking/None,Construction,75500,Other
62ae680024a2626027483ebc,Male,29,Hispanic or Latino,Other,Other,Finance,53000,Python
62aee103f8f756164595adb8,Male,26,Asian or Asian American,Other,Student/Looking/None,Education,20000,Python
62af07be7dc029e2d67cc3c8,Male,20,Asian or Asian American,India,Student/Looking/None,Other,20000,Python
62af10295d257a28a31e6ff8,Male,23,Asian or Asian American,India,Data Analyst,Education,20000,Python
62af387018134ddc75df894e,Male,33,White or Caucasian,United States,Data Analyst,Tech,115500,Python
62af49025d257a28a31eb2f1,Male,26,Black or African American,Other,Student/Looking/None,Tech,20000,Python
62af53ce0f8c8599d5c04934,Male,27,Asian or Asian American,India,Data Analyst,Other,20000,R
62af6371f8d5efcc2208e923,Male,22,Asian or Asian American,Other,Student/Looking/None,Agriculture,20000,Other
62af9ed7f3072dd892739279,Male,23,White or Caucasian,Other,Data Analyst,Tech,20000,Python
62b152960f8c8599d5c31550,Male,28,Hispanic or Latino,Other,Other,Other,20000,Python
62b16a5c5d257a28a321a74c,Female,39,White or Caucasian,Other,Data Analyst,Finance,53000,Other
62b21d40bae91e4b8b985154,Male,37,White or Caucasian,United States,Other,Other,115500,Python
62b27004bc6861bf318c9038,Female,29,White or Caucasian,United States,Database Developer,Education,53000,Other
62b2ea87f8d5efcc220e3e21,Male,42,White or Caucasian,United States,Data Analyst,Finance,115500,Python
62b35284cec54911e9e1818c,Female,25,Asian or Asian American,Canada,Student/Looking/None,Tech,20000,R
62b4404df31287f32e14d1c1,Male,66,Black or African American,Other,Database Developer,Telecommunication,20000,Python
62b525563f28f20328aeee5c,Male,26,White or Caucasian,United States,Data Analyst,Other,137500,R
62b5a3e29bc428d5345f6e89,Male,21,White or Caucasian,United States,Other,Other,20000,R
62b71083f31287f32e189026,Male,26,Asian or Asian American,Other,Student/Looking/None,Tech,20000,Python
62b795033b026e423f287ecd,Male,24,Hispanic or Latino,Other,Data Engineer,Tech,20000,Python
62b89039377223ff07b80fb5,Male,22,Asian or Asian American,United States,Data Analyst,Other,53000,Python
